-- phpMyAdmin SQL Dump
-- version 4.0.10.18
-- https://www.phpmyadmin.net
--
-- Host: localhost:3306
-- Generation Time: Oct 24, 2017 at 06:54 AM
-- Server version: 5.5.55-38.8-log
-- PHP Version: 5.6.30

SET SQL_MODE = "NO_AUTO_VALUE_ON_ZERO";
SET time_zone = "+00:00";


/*!40101 SET @OLD_CHARACTER_SET_CLIENT=@@CHARACTER_SET_CLIENT */;
/*!40101 SET @OLD_CHARACTER_SET_RESULTS=@@CHARACTER_SET_RESULTS */;
/*!40101 SET @OLD_COLLATION_CONNECTION=@@COLLATION_CONNECTION */;
/*!40101 SET NAMES utf8 */;

--
-- Database: `itglarid_docsea`
--

-- --------------------------------------------------------

--
-- Table structure for table `address`
--

CREATE TABLE IF NOT EXISTS `address` (
  `id` bigint(20) NOT NULL AUTO_INCREMENT,
  `street_address` varchar(255) NOT NULL,
  `city_id` bigint(20) DEFAULT NULL,
  `country_id` bigint(20) DEFAULT NULL,
  `district_id` bigint(20) DEFAULT NULL,
  `zone_id` bigint(20) DEFAULT NULL,
  PRIMARY KEY (`id`),
  KEY `FKpo044ng5x4gynb291cv24vtea` (`city_id`),
  KEY `FKe54x81nmccsk5569hsjg1a6ka` (`country_id`),
  KEY `FKqbjwfi50pdenou8j14knnffrh` (`district_id`),
  KEY `FKo7be43kdro3d1i85ihm37056n` (`zone_id`)
) ENGINE=MyISAM  DEFAULT CHARSET=latin1 AUTO_INCREMENT=12 ;

--
-- Dumping data for table `address`
--

INSERT INTO `address` (`id`, `street_address`, `city_id`, `country_id`, `district_id`, `zone_id`) VALUES
(2, 'mahabaudha', 104, 1, 3, 1),
(3, 'sorkhutee', 98, 1, 3, 1),
(4, 'Tripureshwor', 98, 1, 3, 1),
(5, 'Gwarko', 98, 1, 3, 1),
(6, 'kalimati', 98, 1, 3, 1),
(7, 'chetrapti', 98, 1, 3, 1),
(8, 'thapathali', 98, 1, 3, 1),
(9, 'gaushala', 98, 1, 3, 1),
(10, 'pulchowk', 237, 1, 5, 1),
(11, '1 street', 83, 1, 3, 1);

-- --------------------------------------------------------

--
-- Table structure for table `blood_group`
--

CREATE TABLE IF NOT EXISTS `blood_group` (
  `id` bigint(20) NOT NULL AUTO_INCREMENT,
  `blood_group` varchar(255) DEFAULT NULL,
  PRIMARY KEY (`id`)
) ENGINE=MyISAM  DEFAULT CHARSET=latin1 AUTO_INCREMENT=9 ;

--
-- Dumping data for table `blood_group`
--

INSERT INTO `blood_group` (`id`, `blood_group`) VALUES
(1, 'A+'),
(2, 'A-'),
(3, 'B+'),
(4, 'B-'),
(5, 'AB+'),
(6, 'AB-'),
(7, 'O+'),
(8, 'O-');

-- --------------------------------------------------------

--
-- Table structure for table `blood_post`
--

CREATE TABLE IF NOT EXISTS `blood_post` (
  `id` bigint(20) NOT NULL AUTO_INCREMENT,
  `contact` varchar(255) DEFAULT NULL,
  `deadline` date DEFAULT NULL,
  `location` varchar(255) DEFAULT NULL,
  `post` longtext,
  `post_date` date DEFAULT NULL,
  `blood_group_id` bigint(20) DEFAULT NULL,
  PRIMARY KEY (`id`),
  KEY `FKoaqevnmap8rbr8ac6x7hqgcv2` (`blood_group_id`)
) ENGINE=MyISAM  DEFAULT CHARSET=latin1 AUTO_INCREMENT=69 ;

--
-- Dumping data for table `blood_post`
--

INSERT INTO `blood_post` (`id`, `contact`, `deadline`, `location`, `post`, `post_date`, `blood_group_id`) VALUES
(3, '9843125422', '2017-09-12', 'nayabazar', 'Blood need for hear operation... plz contact soon .....', '2017-07-29', 7),
(4, '9845821524', '2017-09-12', 'Dallu', 'Its emergency plzz call me  hurryup', '2017-07-29', 8),
(5, '9841808707', '2017-09-09', 'Kathmandu', 'urgent', '2017-09-06', 6),
(6, '9898989898', '2017-09-17', 'kathamdnu', 'urgent', '2017-09-15', 1),
(7, '123123123', '2017-09-27', 'Kaushaltar', 'hawa huri post ', '2017-09-25', 1),
(8, '9841808708', '2019-01-01', 'j', 'j', '2017-10-10', 2),
(9, '9888888888', '2017-10-28', 'Bhaktapur', 'ajklajfjajfkf', '2017-10-10', 1),
(10, '5555555555', '2017-10-28', 'nepal', 'hahahahah', '2017-10-10', 1),
(11, '9841919191', '2017-10-28', 'Banasthali', 'Sample Blood POst', '2017-10-10', 1),
(12, '000000000', '2017-10-20', 'kakka', 'sadldksakd', '2017-10-10', 2),
(13, '000000000', '2017-10-20', 'kakka', 'sadldksakd', '2017-10-10', 2),
(14, '000000000', '2017-10-20', 'kakka', 'sadldksakd', '2017-10-10', 2),
(15, 'vbb', '2017-10-20', 'vbbbhb', 'vbbh', '2017-10-10', 2),
(16, 'vbb', '2017-10-20', 'vbbbhb', 'vbbh', '2017-10-10', 2),
(17, '9884445566', '2019-09-12', 'bgcghbb', 'cbhddcgh', '2017-10-11', 3),
(18, '9884445566', '2019-09-12', 'bgcghbb', 'cbhddcgh', '2017-10-11', 3),
(19, '8899878865', '2020-02-12', 'bcchbb', 'fzxgbbccfhjbcxxfhh', '2017-10-11', 3),
(20, 'vbb', '2017-10-20', 'vbbbhb', 'vbbh', '2017-10-11', 2),
(21, 'vbb', '2017-10-20', 'vbbbhb', 'vbbh', '2017-10-11', 2),
(22, '5899858885', '2020-11-11', 'bvvv', 'cfgbbbcfg', '2017-10-11', 1),
(23, 'vbb', '2017-10-20', 'vbbbhb', 'vbbh', '2017-10-11', 2),
(24, '8669888558', '2021-08-11', 'bbbb', 'vcxcvbb', '2017-10-11', 3),
(25, '5588888888', '2020-04-11', 'ghh', 'ccvcdscvnj', '2017-10-11', 1),
(26, '8558554488', '2019-12-11', 'hfgfd', 'chhydf', '2017-10-11', 2),
(27, '8558554488', '2019-12-11', 'hfgfd', 'chhydf', '2017-10-11', 2),
(28, '8555456854', '2020-06-11', 'utr', 'fsruiyf', '2017-10-11', 4),
(29, '8555456854', '2020-06-11', 'utr', 'fsruiyf', '2017-10-11', 4),
(30, 'vbb', '2017-10-20', 'vbbbhb', 'vbbh', '2017-10-11', 2),
(31, '7646464646', '2017-10-11', 'znxn', 'cafnamgaskgsk\n', '2017-10-11', 1),
(32, '8888088088', '2020-06-11', 'hvb', 'vcccgggg', '2017-10-11', 1),
(33, '6565656464', '2018-03-11', 'nxjjx', 'fafakfkga', '2017-10-11', 1),
(34, '6966666666', '2018-10-11', 'ghjn', 'gghhh', '2017-10-11', 1),
(35, '7646464646', '2017-10-11', 'znxn', 'cafnamgaskgsk\n', '2017-10-11', 1),
(36, '5654654465', '2019-11-11', 'vxn', 'gzkgsnahDhdD', '2017-10-11', 1),
(37, '5654654465', '2019-11-11', 'vxn', 'gzkgsnahDhdD', '2017-10-11', 1),
(38, '7646464646', '2017-10-11', 'znxn', 'cafnamgaskgsk\n', '2017-10-11', 1),
(39, '5654654465', '2019-11-11', 'vxn', 'gzkgsnahDhdD', '2017-10-11', 1),
(40, '8680858865', '2018-10-12', 'vchhvc', 'cgfxgjccv', '2017-10-12', 2),
(41, '8680858865', '2018-10-12', 'vchhvc', 'cgfxgjccv', '2017-10-12', 2),
(42, '5088888888', '2019-03-12', 'hbvcx2', 'fffghjhg', '2017-10-12', 1),
(43, '8856568899', '2019-08-12', 'hvvv', 'ccvvgg', '2017-10-12', 1),
(44, '1234560789', '2019-12-17', 'fgf ', 'sgghghsfv', '2017-10-12', 1),
(45, '5885461515', '2020-11-22', ' mjjggh', 'HAKSVGHSHHG', '2017-10-12', 1),
(46, '1224568855', '2021-11-16', 'gvfhhh', 'dggyvgrgvcf', '2017-10-12', 1),
(47, '8888856888', '2018-02-12', 'nvv', 'gvccvvvvvvv', '2017-10-12', 1),
(48, '6556545258', '2019-01-12', 'hgdxc', 'gfchjgfgjj', '2017-10-12', 1),
(49, '0988688686', '2018-08-19', 'hfuuf', 'cycfyd6', '2017-10-12', 1),
(50, '5556445524', '2019-07-15', 'jgdhb', 'itsyjj', '2017-10-15', 1),
(51, '5555555555', '2020-06-19', 'hhhvc', 'fggsghhhhhhj', '2017-10-15', 3),
(52, '5555555555', '2020-06-19', 'hhhvc', 'fggsghhhhhhj', '2017-10-15', 3),
(53, '5555555555', '2020-06-19', 'hhhvc', 'fggsghhhhhhj', '2017-10-15', 3),
(54, '5555555555', '2020-06-19', 'hhhvc', 'fggsghhhhhhj', '2017-10-15', 3),
(55, '5828636553', '2021-03-19', 'gggh', 'tgghhhhh', '2017-10-15', 1),
(56, '5828636553', '2021-03-19', 'gggh', 'tgghhhhh', '2017-10-15', 1),
(57, '5828636553', '2021-03-19', 'gggh', 'tgghhhhh', '2017-10-15', 1),
(58, '5828636553', '2021-03-19', 'gggh', 'tgghhhhh', '2017-10-15', 1),
(59, '5828636553', '2021-03-19', 'gggh', 'tgghhhhh', '2017-10-15', 1),
(60, '5828636553', '2021-03-19', 'gggh', 'tgghhhhh', '2017-10-15', 1),
(61, '5828636553', '2021-03-19', 'gggh', 'tgghhhhh', '2017-10-15', 1),
(62, '5828636553', '2021-03-19', 'gggh', 'tgghhhhh', '2017-10-15', 1),
(63, '5828636553', '2021-03-19', 'gggh', 'tgghhhhh', '2017-10-15', 1),
(64, '5828636553', '2021-03-19', 'gggh', 'tgghhhhh', '2017-10-15', 1),
(65, '5828636553', '2021-03-19', 'gggh', 'tgghhhhh', '2017-10-15', 1),
(66, '2222222222', '2018-05-15', 'ggg', 'fffg', '2017-10-15', 1),
(67, '8888888888', '2017-10-20', 'kkkkk', 'lllllllllllllllllllllllllllllllllllllllllllllll', '2017-10-15', 3),
(68, '987969890', '2017-10-19', 'kathmandu', 'safjsadlkfjl', '2017-10-15', 1);

-- --------------------------------------------------------

--
-- Table structure for table `city`
--

CREATE TABLE IF NOT EXISTS `city` (
  `id` bigint(20) NOT NULL AUTO_INCREMENT,
  `name` varchar(255) NOT NULL,
  `district_id` bigint(20) DEFAULT NULL,
  PRIMARY KEY (`id`),
  KEY `FK6i8553aggy2wl3ylubqvt5aro` (`district_id`)
) ENGINE=MyISAM  DEFAULT CHARSET=latin1 AUTO_INCREMENT=3983 ;

--
-- Dumping data for table `city`
--

INSERT INTO `city` (`id`, `name`, `district_id`) VALUES
(1, 'Bageswari', 1),
(2, 'Balkot', 1),
(3, 'Bhaktapur', 1),
(4, 'Changunarayan', 1),
(5, 'Chhaling', 1),
(6, 'Chitapol', 1),
(7, 'Dadhikot', 1),
(8, 'Duwakot', 1),
(9, 'Gundu', 1),
(10, 'Jhaukhel', 1),
(11, 'Kautunje', 1),
(12, 'MadhyapurThimi', 1),
(13, 'Nagarkot', 1),
(14, 'Nankhel', 1),
(15, 'Sipadol', 1),
(16, 'Sirutar', 1),
(17, 'Sudal', 1),
(18, 'Tathali', 1),
(19, 'Aginchok', 2),
(20, 'Baireni', 2),
(21, 'Baseri', 2),
(22, 'Benighat', 2),
(23, 'Bhumesthan', 2),
(24, 'Budhathum', 2),
(25, 'Chainpur', 2),
(26, 'ChhatreDyaurali', 2),
(27, 'Darkha', 2),
(28, 'Dhola', 2),
(29, 'Dhussa', 2),
(30, 'Gajuri', 2),
(31, 'Goganpani', 2),
(32, 'Gumdi', 2),
(33, 'Jeewanpur', 2),
(34, 'Jharlang', 2),
(35, 'Jogimara', 2),
(36, 'Jyamrung', 2),
(37, 'Kalleri', 2),
(38, 'Katunje', 2),
(39, 'Kewalpur', 2),
(40, 'Khalte', 2),
(41, 'Khari', 2),
(42, 'Kiranchok', 2),
(43, 'Kumpur', 2),
(44, 'Lapa', 2),
(45, 'Mahadevsthan', 2),
(46, 'Maidi', 2),
(47, 'Marpak', 2),
(48, 'Mulpani', 2),
(49, 'Muralibhanjyang', 2),
(50, 'Nalang', 2),
(51, 'Naubise', 2),
(52, 'Nilkantha', 2),
(53, 'Phulkhark', 2),
(54, 'Pida', 2),
(55, 'ReeGaun', 2),
(56, 'Salang', 2),
(57, 'Salyankot', 2),
(58, 'Salyantar', 2),
(59, 'Sangkosh', 2),
(60, 'Satyadevi', 2),
(61, 'Semjong', 2),
(62, 'Sertung', 2),
(63, 'Sunaulabazar', 2),
(64, 'Tasarpu', 2),
(65, 'Thakre', 2),
(66, 'Tipling', 2),
(67, 'Tripureswor', 2),
(68, 'Aalapot', 3),
(69, 'Baad Bhanjyang', 3),
(70, 'Bajrayogini', 3),
(71, 'Balambu', 3),
(72, 'Baluwa', 3),
(73, 'Bhadrabas', 3),
(74, 'Bhimdhunga', 3),
(75, 'Budanilkantha', 3),
(76, 'Chalnakhel', 3),
(77, 'ChapaliBhadrakali', 3),
(78, 'Chhaimale', 3),
(79, 'ChouketarDahachok', 3),
(80, 'Chunikhel', 3),
(81, 'Daanchhi', 3),
(82, 'Daxinkali', 3),
(83, 'Dhapasi', 3),
(84, 'Dharmasthali', 3),
(85, 'Futung', 3),
(86, 'Gagalphedi', 3),
(87, 'Gokarneswor', 3),
(88, 'Goldhunga', 3),
(89, 'Gonggabu', 3),
(90, 'Gothatar', 3),
(91, 'IchangNarayan', 3),
(92, 'Indrayani', 3),
(93, 'Jhormahankal', 3),
(94, 'Jitpurphedi', 3),
(95, 'Jorpati', 3),
(96, 'Kabhresthali', 3),
(97, 'Kapan', 3),
(98, 'Kathmandu', 3),
(99, 'KhadkaBhadrakali', 3),
(100, 'Kirtipur', 3),
(101, 'Lapsephedi', 3),
(102, 'Machhegaun', 3),
(103, 'Mahadevathan', 3),
(104, 'Mahankal', 3),
(105, 'Manmaiju', 3),
(106, 'Matatirtha', 3),
(107, 'Mulpani', 3),
(108, 'Naglebhare', 3),
(109, 'NaikapNayaBhanjyang', 3),
(110, 'NaikapPuranoBhanjya', 3),
(111, 'Nayapati', 3),
(112, 'Pukhulachhi', 3),
(113, 'Ramkot', 3),
(114, 'Sangla', 3),
(115, 'Satikhel', 3),
(116, 'Satungal', 3),
(117, 'Seuchatar', 3),
(118, 'Sheshnarayan', 3),
(119, 'Sitapaila', 3),
(120, 'Sundarijal', 3),
(121, 'Suntol', 3),
(122, 'Talkududechour', 3),
(123, 'Thankot', 3),
(124, 'Tinthana', 3),
(125, 'TokhaChandeswori', 3),
(126, 'TokhaSarswoti', 3),
(127, 'Anaikot', 4),
(128, 'Baldthali', 4),
(129, 'Balting', 4),
(130, 'BaluwapatiDeupur', 4),
(131, 'BanakhuChor', 4),
(132, 'Banepa', 4),
(133, 'BekhsimleDhartigaun', 4),
(134, 'Bhimkhori', 4),
(135, 'Bhumlutar', 4),
(136, 'Birtadeurali', 4),
(137, 'Budhakhani', 4),
(138, 'ChalalGaneshsthan', 4),
(139, 'ChandeniMandan', 4),
(140, 'Choubas', 4),
(141, 'Chyamrangbesi', 4),
(142, 'ChyasingKharka', 4),
(143, 'DapchaChatraibhanjh', 4),
(144, 'DaraunePokhari', 4),
(145, 'DeuvumiBaluwa', 4),
(146, 'Devitar', 4),
(147, 'DhulikhelN.P', 4),
(148, 'Dhunkharka', 4),
(149, 'DhuseniSiwalaya', 4),
(150, 'Dolalghat', 4),
(151, 'Falatebhumlu', 4),
(152, 'Falemetar', 4),
(153, 'Foksingtar', 4),
(154, 'GairiBisounaDeupur', 4),
(155, 'Ghartichhap', 4),
(156, 'Gokule', 4),
(157, 'Gothpani', 4),
(158, 'HokseBazar', 4),
(159, 'JaisithokMandan', 4),
(160, 'JyamdiMandan', 4),
(161, 'KalatiBhumidanda', 4),
(162, 'KanpurKalapani', 4),
(163, 'KartikeDeurali', 4),
(164, 'KatunjeBesi', 4),
(165, 'KavreNityaChandeswor', 4),
(166, 'KhaharePangu', 4),
(167, 'Khanalthok', 4),
(168, 'Kharelthok', 4),
(169, 'Kharpachok', 4),
(170, 'KolatiBhumlu', 4),
(171, 'Koshidekha', 4),
(172, 'KuruwasChapakhori', 4),
(173, 'Kushadevi', 4),
(174, 'Machchhegaun', 4),
(175, 'MadanKundari', 4),
(176, 'MahadevsthanMandan', 4),
(177, 'Mahadevtar', 4),
(178, 'MahankalChaur', 4),
(179, 'MahendraJyoti', 4),
(180, 'MajhiFeda', 4),
(181, 'Mangaltar', 4),
(182, 'MathurapatiFulbari', 4),
(183, 'Methinkot', 4),
(184, 'Milche', 4),
(185, 'NagreGagarche', 4),
(186, 'Nala(Ugrachandi)', 4),
(187, 'NasikasthanSanga', 4),
(188, 'NayagaunDeupur', 4),
(189, 'Panauti', 4),
(190, 'Panchkhal', 4),
(191, 'Patalekhet', 4),
(192, 'PokhariChauri', 4),
(193, 'PokhariNarayansthan', 4),
(194, 'PuranogaunDapcha', 4),
(195, 'RaviOpi', 4),
(196, 'RyaleBhir', 4),
(197, 'Saldhara', 4),
(198, 'SalleBhumlu', 4),
(199, 'Salmechakala(Taldhu', 4),
(200, 'SankhupatiChour', 4),
(201, 'Sanowangthali', 4),
(202, 'Saping', 4),
(203, 'SaradaBatase', 4),
(204, 'Saramthali', 4),
(205, 'Sarasyunkhark', 4),
(206, 'SathigharBhagawati', 4),
(207, 'SikharAmbote', 4),
(208, 'SimalchourSyampati', 4),
(209, 'Simthali', 4),
(210, 'SipaliChilaune', 4),
(211, 'Sisakhani', 4),
(212, 'ThuloParsel', 4),
(213, 'TukuchaNala', 4),
(214, 'UgrataraJanagal', 4),
(215, 'Asrang', 5),
(216, 'Badikhel', 5),
(217, 'Bhardev', 5),
(218, 'Bhattedanda', 5),
(219, 'Bisankhunarayan', 5),
(220, 'Bukhel', 5),
(221, 'Bungamati', 5),
(222, 'Chandanpur', 5),
(223, 'Chapagaun', 5),
(224, 'Chhampi', 5),
(225, 'Choughare', 5),
(226, 'Dalchoki', 5),
(227, 'Devichour', 5),
(228, 'Dhapakhel', 5),
(229, 'Dhusel', 5),
(230, 'Dukuchhap', 5),
(231, 'Gimdi', 5),
(232, 'Godamchaur', 5),
(233, 'Godawari', 5),
(234, 'Gotikhel', 5),
(235, 'Harisiddhi', 5),
(236, 'Ikudol', 5),
(237, 'Imadol', 5),
(238, 'Jharuwarasi', 5),
(239, 'Kaleswor', 5),
(240, 'Khokana', 5),
(241, 'Lalitpur', 5),
(242, 'Lamatar', 5),
(243, 'Lele', 5),
(244, 'Lubhu', 5),
(245, 'Malta', 5),
(246, 'Manikhel', 5),
(247, 'Nallu', 5),
(248, 'Pyutar', 5),
(249, 'Sainbu', 5),
(250, 'Sankhu', 5),
(251, 'Sidhdipur', 5),
(252, 'Sunakothi', 5),
(253, 'Thaiba', 5),
(254, 'Thecho', 5),
(255, 'Thuladurlung', 5),
(256, 'Tikathali', 5),
(257, 'BagesworiChokade', 6),
(258, 'Balkumari', 6),
(259, 'Barsunchet', 6),
(260, 'Belkot', 6),
(261, 'Betini', 6),
(262, 'Bhadratar', 6),
(263, 'Bhalche', 6),
(264, 'Bidur', 6),
(265, 'Budhasing', 6),
(266, 'Bungtang', 6),
(267, 'Charghare', 6),
(268, 'Chaturale', 6),
(269, 'Chaughada', 6),
(270, 'Chauthe', 6),
(271, 'Chhap', 6),
(272, 'Dangsing', 6),
(273, 'Deurali', 6),
(274, 'Duipipal', 6),
(275, 'Fikuri', 6),
(276, 'Ganeshthan', 6),
(277, 'Gaunkharka', 6),
(278, 'Gerkhu', 6),
(279, 'Ghyangphedi', 6),
(280, 'Gorsyang', 6),
(281, 'Jiling', 6),
(282, 'Kabilas', 6),
(283, 'Kakani', 6),
(284, 'Kalikahalde', 6),
(285, 'Kalyanpur', 6),
(286, 'Kaule', 6),
(287, 'KhadagBhanjyang', 6),
(288, 'Kharanitar', 6),
(289, 'KholegaunKhanigau', 6),
(290, 'Kintang', 6),
(291, 'Kumari', 6),
(292, 'Lachyang', 6),
(293, 'Likhu', 6),
(294, 'Madanpur', 6),
(295, 'Mahakali', 6),
(296, 'Manakamana', 6),
(297, 'Narjamandap', 6),
(298, 'Okharpauwa', 6),
(299, 'Panchkanya', 6),
(300, 'Ralukadevi', 6),
(301, 'Ratmate', 6),
(302, 'Rautbesi', 6),
(303, 'Salme', 6),
(304, 'Samari', 6),
(305, 'Samundradevi', 6),
(306, 'Samundratar', 6),
(307, 'Shikharbesi', 6),
(308, 'Sikre', 6),
(309, 'Sundaradevi', 6),
(310, 'Sunkhani', 6),
(311, 'Suryamati', 6),
(312, 'Talakhu', 6),
(313, 'Taruka', 6),
(314, 'Thanapati', 6),
(315, 'Thansing', 6),
(316, 'Thaprek', 6),
(317, 'Tupche', 6),
(318, 'Urleni', 6),
(319, 'Bhorle', 7),
(320, 'Bridhim', 7),
(321, 'Chilime', 7),
(322, 'Dandagoun', 7),
(323, 'Dhunche', 7),
(324, 'Gatlang', 7),
(325, 'Goljung', 7),
(326, 'Haku', 7),
(327, 'Jibjibe(Nilkantha)', 7),
(328, 'Laharepouwa', 7),
(329, 'Langtang', 7),
(330, 'Ramche', 7),
(331, 'Saramthali', 7),
(332, 'Syafru', 7),
(333, 'Thulogoun', 7),
(334, 'Thuman', 7),
(335, 'Timure', 7),
(336, 'Yarsa', 7),
(337, 'Atarpur', 8),
(338, 'Badegau', 8),
(339, 'Bahrabise', 8),
(340, 'Bansbari', 8),
(341, 'Banskharka', 8),
(342, 'Baramchi', 8),
(343, 'Baruwa', 8),
(344, 'Batase', 8),
(345, 'Bhimtar', 8),
(346, 'Bhotasipa', 8),
(347, 'Bhotechaur', 8),
(348, 'BhoteNamlang', 8),
(349, 'Choukati', 8),
(350, 'Choutara', 8),
(351, 'Dhuyang', 8),
(352, 'Dubachour', 8),
(353, 'Fatakshila', 8),
(354, 'Fulpingdandagau', 8),
(355, 'Fulpingkatti', 8),
(356, 'Fulpingkot', 8),
(357, 'Gati', 8),
(358, 'Ghorthali', 8),
(359, 'Ghuskun', 8),
(360, 'Gloche', 8),
(361, 'Gumba', 8),
(362, 'Gunsakot', 8),
(363, 'Hagam', 8),
(364, 'Haibung', 8),
(365, 'Helumbu', 8),
(366, 'Ichok', 8),
(367, 'Irkhu', 8),
(368, 'Jalbire', 8),
(369, 'Jethal', 8),
(370, 'Jyamire', 8),
(371, 'Kadambas', 8),
(372, 'Kalika', 8),
(373, 'Karthali', 8),
(374, 'Kiwool', 8),
(375, 'Kubhinde', 8),
(376, 'Kunchok', 8),
(377, 'Lagarche', 8),
(378, 'Lisankhu', 8),
(379, 'Listikot', 8),
(380, 'Mahankal', 8),
(381, 'Maneswor', 8),
(382, 'Mankha', 8),
(383, 'Marming', 8),
(384, 'Melamchi', 8),
(385, 'Motang', 8),
(386, 'Nawalpur', 8),
(387, 'Pagretar', 8),
(388, 'Palchok', 8),
(389, 'Pangtang', 8),
(390, 'Petaku', 8),
(391, 'Pipaldada', 8),
(392, 'Piskar', 8),
(393, 'Ramche', 8),
(394, 'Sangachok', 8),
(395, 'Sanusiruwari', 8),
(396, 'Selang', 8),
(397, 'Sikharpur', 8),
(398, 'Sindhukot', 8),
(399, 'SipalKavre', 8),
(400, 'SipaPokhare', 8),
(401, 'Sunkhani', 8),
(402, 'SyauleBazar', 8),
(403, 'Talramarang', 8),
(404, 'Tatopani', 8),
(405, 'Tauthali', 8),
(406, 'Tekanpur', 8),
(407, 'Thakani', 8),
(408, 'ThampalChhap', 8),
(409, 'Thanpalkot', 8),
(410, 'Thokarpa', 8),
(411, 'ThuloDhading', 8),
(412, 'ThuloPakhar', 8),
(413, 'ThuloSirubari', 8),
(414, 'ThumPakhar', 8),
(415, 'Yamunadanda', 8),
(416, 'Andupatti', 9),
(417, 'Aurahi', 9),
(418, 'Bafai', 9),
(419, 'Bagchaura', 9),
(420, 'BahedaBala', 9),
(421, 'Bahuarba', 9),
(422, 'Balabakhar', 9),
(423, 'BalahaKathal', 9),
(424, 'BalahaSadhara', 9),
(425, 'Ballagoth', 9),
(426, 'Baniniya', 9),
(427, 'Baramajhiya', 9),
(428, 'Basahiya', 9),
(429, 'Basbitti', 9),
(430, 'Bateswor', 9),
(431, 'Begadawar', 9),
(432, 'BegaShivapur', 9),
(433, 'Bharatpur', 9),
(434, 'Bhuchakrapur', 9),
(435, 'Bhutahipaterwa', 9),
(436, 'Bindhi', 9),
(437, 'Bisarbhora', 9),
(438, 'Chakkar', 9),
(439, 'ChoraKoilpur', 9),
(440, 'D.Govindapur', 9),
(441, 'Debadiha', 9),
(442, 'DeuriParbaha', 9),
(443, 'DevpuraRupetha', 9),
(444, 'Dhabouli', 9),
(445, 'Dhalkebar', 9),
(446, 'Dhanauji', 9),
(447, 'Dhanusadham', 9),
(448, 'Digambarpur', 9),
(449, 'DubarikotHathalekha', 9),
(450, 'Duhabi', 9),
(451, 'Ekarahi', 9),
(452, 'Fulgama', 9),
(453, 'Ghodghans', 9),
(454, 'Godar', 9),
(455, 'Gopalpur', 9),
(456, 'GothKohelpur', 9),
(457, 'HansapurKathpula', 9),
(458, 'Hariharpur', 9),
(459, 'Harine', 9),
(460, 'Hathipurharbara', 9),
(461, 'Inarwa', 9),
(462, 'Itaharwa', 9),
(463, 'Janakpur', 9),
(464, 'Jhatiyahi', 9),
(465, 'JhojhiKataiya', 9),
(466, 'Kachurithera', 9),
(467, 'KajaraRamaul', 9),
(468, 'Kanakpatti', 9),
(469, 'KhajuriChanha', 9),
(470, 'Khariyani', 9),
(471, 'Kurtha', 9),
(472, 'Labatoli', 9),
(473, 'Lagmagadhaguthi', 9),
(474, 'Lakhouri', 9),
(475, 'Lakkad', 9),
(476, 'Laxminiwas', 9),
(477, 'Laxmipurbagewa', 9),
(478, 'Lohana', 9),
(479, 'Mahuwa(Pra.Khe)', 9),
(480, 'Mahuwa(Pra.Ko)', 9),
(481, 'Makhanaha', 9),
(482, 'Manshingpatti', 9),
(483, 'Marchaijhitakaiya', 9),
(484, 'Mithileswormauwahi', 9),
(485, 'Mithileswornikas', 9),
(486, 'Mukhiyapattimusharg', 9),
(487, 'Nagaraeen', 9),
(488, 'Nakatajhijh', 9),
(489, 'Nanupatti', 9),
(490, 'NauwakhorPrashahi', 9),
(491, 'Pachaharwa', 9),
(492, 'Patanuka', 9),
(493, 'Paterwa', 9),
(494, 'Paudeswor', 9),
(495, 'Puspalpur', 9),
(496, 'Raghunathpur', 9),
(497, 'RamaidaiyaBhawadi', 9),
(498, 'Sabela', 9),
(499, 'SakhuwaMahendranaga', 9),
(500, 'Sapahi', 9),
(501, 'Satosar', 9),
(502, 'Shantipur', 9),
(503, 'Siddha', 9),
(504, 'SingyahiMaidan', 9),
(505, 'Sinurjoda', 9),
(506, 'Sonigama', 9),
(507, 'SugaMadhukarahi', 9),
(508, 'Suganikash', 9),
(509, 'TarapattiSirsiya', 9),
(510, 'ThadiJhijha', 9),
(511, 'ThillaYaduwa', 9),
(512, 'TulsiChauda', 9),
(513, 'TulsiyahiNikas', 9),
(514, 'TulsiyaniJabdi', 9),
(515, 'Umaprempur', 9),
(516, 'Yadukush', 9),
(517, 'Yagyabhumi', 9),
(518, 'Alampu', 10),
(519, 'Babare', 10),
(520, 'Bhedapu', 10),
(521, 'Bhimeswor', 10),
(522, 'Bhirkot', 10),
(523, 'Bhusaphedi', 10),
(524, 'Bigu', 10),
(525, 'Bocha', 10),
(526, 'Bulung', 10),
(527, 'Chankhu', 10),
(528, 'Chhetrapa', 10),
(529, 'Chilankha', 10),
(530, 'Chyama', 10),
(531, 'Dandakharka', 10),
(532, 'Dudhpokhari', 10),
(533, 'Fasku', 10),
(534, 'Gairimudi', 10),
(535, 'GauriSankar', 10),
(536, 'GhangSukathokar', 10),
(537, 'Hawa', 10),
(538, 'Japhe', 10),
(539, 'Jhule', 10),
(540, 'Jhyaku', 10),
(541, 'Jiri', 10),
(542, 'Jugu', 10),
(543, 'Kabhre', 10),
(544, 'Kalingchok', 10),
(545, 'Katakuti', 10),
(546, 'Khare', 10),
(547, 'Khopachagu', 10),
(548, 'Laduk', 10),
(549, 'LakuriDada', 10),
(550, 'Lamabagar', 10),
(551, 'Lamidada', 10),
(552, 'Lapilang', 10),
(553, 'Magapauwa', 10),
(554, 'Mali', 10),
(555, 'Malu', 10),
(556, 'Marbu', 10),
(557, 'Melung', 10),
(558, 'Mirge', 10),
(559, 'Namdu', 10),
(560, 'Orang', 10),
(561, 'Pawati', 10),
(562, 'Sahare', 10),
(563, 'Sailungeswor', 10),
(564, 'Sundrawati', 10),
(565, 'Sunkhani', 10),
(566, 'Suri', 10),
(567, 'SusmaChhemawati', 10),
(568, 'Syama', 10),
(569, 'Thulopatal', 10),
(570, 'Anakar', 11),
(571, 'Aurahi', 11),
(572, 'Bagada', 11),
(573, 'BairgiyaBanchauri', 11),
(574, 'BairgiyaLaxminiya', 11),
(575, 'Balawa', 11),
(576, 'BanauliDonauli', 11),
(577, 'Banouta', 11),
(578, 'Bardibas', 11),
(579, 'Basabitti', 11),
(580, 'Bathanaha', 11),
(581, 'Belgachhi', 11),
(582, 'Bharatpur', 11),
(583, 'Bhatauliya', 11),
(584, 'Bijayalpura', 11),
(585, 'Bramarpura', 11),
(586, 'Damhimarayee', 11),
(587, 'Dhamaura', 11),
(588, 'Dharmapur', 11),
(589, 'Dhirapur', 11),
(590, 'Ekadarabela', 11),
(591, 'Ekarahiya', 11),
(592, 'Etaharwakatti', 11),
(593, 'FulahattaParikauli', 11),
(594, 'Fulakaha', 11),
(595, 'GaidahaBhelpur', 11),
(596, 'Gauribas', 11),
(597, 'Gaushala', 11),
(598, 'Gonarpura', 11),
(599, 'Halkhori', 11),
(600, 'HariharpurHarinamar', 11),
(601, 'Hathilet', 11),
(602, 'Hatisarwa', 11),
(603, 'Jaleshwor', 11),
(604, 'Khairbanni', 11),
(605, 'KhayarMara', 11),
(606, 'Khopi', 11),
(607, 'Khuttapiparadhi', 11),
(608, 'KisanNagar', 11),
(609, 'KolhuwaBagaicha', 11),
(610, 'Laximiniya', 11),
(611, 'Loharpatti', 11),
(612, 'Mahadaiyatapanpur', 11),
(613, 'Mahottari', 11),
(614, 'Maisthan', 11),
(615, 'MajhoraBishnupur', 11),
(616, 'Manara', 11),
(617, 'Matihani', 11),
(618, 'MeghanathGorahanna', 11),
(619, 'Nainhi', 11),
(620, 'Nigaul', 11),
(621, 'Paraul', 11),
(622, 'ParsaDewadh', 11),
(623, 'ParsaPateli', 11),
(624, 'Pasupatinagar', 11),
(625, 'Pigouna', 11),
(626, 'Pipra', 11),
(627, 'PokharibhindaSamgra', 11),
(628, 'Raghunathpur', 11),
(629, 'Ramgopalpur', 11),
(630, 'Ramnagar', 11),
(631, 'Ratauli', 11),
(632, 'Sahasaula', 11),
(633, 'Sahorawa', 11),
(634, 'Sandha', 11),
(635, 'Sarpallo', 11),
(636, 'Shamsi', 11),
(637, 'Simardahi', 11),
(638, 'Singyahi', 11),
(639, 'Sisawakataiya', 11),
(640, 'Sonamai', 11),
(641, 'Sonama', 11),
(642, 'Sonaul', 11),
(643, 'Sreepur', 11),
(644, 'SugaVawani', 11),
(645, 'Sundarpur', 11),
(646, 'Vagaha', 11),
(647, 'BamtiBhandar', 12),
(648, 'Betali', 12),
(649, 'Bethan', 12),
(650, 'Bhadaure', 12),
(651, 'Bhatauli', 12),
(652, 'Bhirpani', 12),
(653, 'Bhujee', 12),
(654, 'Bijulikot', 12),
(655, 'Chanakhu', 12),
(656, 'Chisapani', 12),
(657, 'Chuchure', 12),
(658, 'Dadhuwa', 12),
(659, 'Deurali', 12),
(660, 'Dimipokhari', 12),
(661, 'Doramba', 12),
(662, 'Duragau', 12),
(663, 'Farpu', 12),
(664, 'Gelu', 12),
(665, 'Goswara', 12),
(666, 'Gothgau', 12),
(667, 'Gumdel', 12),
(668, 'GunsiBhadaure', 12),
(669, 'Guptesor', 12),
(670, 'Hiledevi', 12),
(671, 'Himganga', 12),
(672, 'Kathjor', 12),
(673, 'Khadadevi', 12),
(674, 'Khaniyapani', 12),
(675, 'Khimti', 12),
(676, 'Kubukasthali', 12),
(677, 'Lakhanpur', 12),
(678, 'Majuwa', 12),
(679, 'Makadum', 12),
(680, 'Maluwajor', 12),
(681, 'Manthali', 12),
(682, 'NagaDaha', 12),
(683, 'Namadi', 12),
(684, 'Okhreni', 12),
(685, 'Pakarbas', 12),
(686, 'Phulasi', 12),
(687, 'Pinkhuri', 12),
(688, 'Pritee', 12),
(689, 'Puranagau', 12),
(690, 'Rakathum', 12),
(691, 'Ramechhap', 12),
(692, 'Rampur', 12),
(693, 'Rasanalu', 12),
(694, 'Saipu', 12),
(695, 'Salupati', 12),
(696, 'Sanghutar', 12),
(697, 'Sukajor', 12),
(698, 'Sunarpani', 12),
(699, 'Those', 12),
(700, 'Tilpung', 12),
(701, 'Tokarpur', 12),
(702, 'Achalgadh', 13),
(703, 'Arnaha', 13),
(704, 'Atrouli', 13),
(705, 'Aurahi', 13),
(706, 'Babarganj', 13),
(707, 'Bagdaha', 13),
(708, 'Bahadurpur', 13),
(709, 'Balara', 13),
(710, 'Barahathawa', 13),
(711, 'BaraUdhoran', 13),
(712, 'Basantapur', 13),
(713, 'Batraul', 13),
(714, 'Bela', 13),
(715, 'Belhi', 13),
(716, 'BelwaJabdi', 13),
(717, 'Bhadsar', 13),
(718, 'Bhagawatipur', 13),
(719, 'Bhaktipur', 13),
(720, 'Bhawanipur', 13),
(721, 'Brahmapuri', 13),
(722, 'ChandraNagar', 13),
(723, 'Chhataul', 13),
(724, 'Chhatona', 13),
(725, 'DhanakaulPachhiyati', 13),
(726, 'DhanakaulPurba', 13),
(727, 'Dhangada', 13),
(728, 'Dhungrekhola', 13),
(729, 'Dhurkauli', 13),
(730, 'Dumariya', 13),
(731, 'Farahadawa', 13),
(732, 'Fulparasi', 13),
(733, 'Gadahiyabairi', 13),
(734, 'Gamhariya', 13),
(735, 'Godeta', 13),
(736, 'Gourishankar', 13),
(737, 'Hajariya', 13),
(738, 'Harakthawa', 13),
(739, 'Haripur', 13),
(740, 'Haripurwa', 13),
(741, 'Hariyon', 13),
(742, 'Hathiyol', 13),
(743, 'Hempur', 13),
(744, 'Ishworpur', 13),
(745, 'Jabdi', 13),
(746, 'Jamuniya', 13),
(747, 'JanakiNagar', 13),
(748, 'Jingadawa', 13),
(749, 'Kabilasi', 13),
(750, 'Kalinjor', 13),
(751, 'Karmaiya', 13),
(752, 'Khirwa', 13),
(753, 'Khoriya', 13),
(754, 'Khutauna', 13),
(755, 'Kisanpur', 13),
(756, 'Kodena', 13),
(757, 'Lalbandi', 13),
(758, 'Laukath', 13),
(759, 'LaxmipurKodraha', 13),
(760, 'LaxmipurSu.', 13),
(761, 'Madhubangoth', 13),
(762, 'Madhubani', 13),
(763, 'Mahinathpur', 13),
(764, 'Malangawa', 13),
(765, 'Manpur', 13),
(766, 'Mirjapur', 13),
(767, 'Mohanpur', 13),
(768, 'Motipur', 13),
(769, 'Murtiya', 13),
(770, 'Musauli', 13),
(771, 'NarayanKhola', 13),
(772, 'Narayanpur', 13),
(773, 'Netraganj', 13),
(774, 'Noukailawa', 13),
(775, 'Parsa', 13),
(776, 'Parwanipur', 13),
(777, 'Pattharkot', 13),
(778, 'Pidari', 13),
(779, 'Pidariya', 13),
(780, 'Pipariya', 13),
(781, 'Rajghat', 13),
(782, 'Ramban', 13),
(783, 'RamnagarBahaur', 13),
(784, 'Raniganj', 13),
(785, 'Rohuwa', 13),
(786, 'Sakraul', 13),
(787, 'Salempur', 13),
(788, 'Sangrampur', 13),
(789, 'Sasapur', 13),
(790, 'Shankarpur', 13),
(791, 'Shreepur', 13),
(792, 'Sikhauna', 13),
(793, 'Simara', 13),
(794, 'Sisotiya', 13),
(795, 'Sisout', 13),
(796, 'Sohadawa', 13),
(797, 'Sudama', 13),
(798, 'SundarpurChuldawa', 13),
(799, 'Sundarpur', 13),
(800, 'TribhuwanNagar', 13),
(801, 'Amale', 14),
(802, 'Arunthakur', 14),
(803, 'Bahuntilpung', 14),
(804, 'Balajor', 14),
(805, 'Baseshwor', 14),
(806, 'Bastipur', 14),
(807, 'Belghari', 14),
(808, 'Bhadrakali', 14),
(809, 'Bhimeshwor', 14),
(810, 'Bhimsthan', 14),
(811, 'BhuwaneshoriGwaltar', 14),
(812, 'BitijorBagaiya', 14),
(813, 'Dadiguranshe', 14),
(814, 'Dudbhanjyang', 14),
(815, 'Dudhouli', 14),
(816, 'HariharpurGadhi', 14),
(817, 'Harsahi', 14),
(818, 'Hatpate', 14),
(819, 'Jalkanya', 14),
(820, 'Jarayotar', 14),
(821, 'JhangajholiRalmata', 14),
(822, 'Jinakhu', 14),
(823, 'KakurThakur', 14),
(824, 'Kalpabrishykha', 14),
(825, 'Kamalami', 14),
(826, 'Kapilakot', 14),
(827, 'Khangsang', 14),
(828, 'Kholagaun', 14),
(829, 'KusesworDumja', 14),
(830, 'Kyaneshwor', 14),
(831, 'Ladabhir(Mahendra)', 14),
(832, 'Lampantar', 14),
(833, 'Mahadevdada', 14),
(834, 'Mahadevsthan', 14),
(835, 'Mahendrajhayadi', 14),
(836, 'Majhuwa', 14),
(837, 'Netrakali', 14),
(838, 'Nipane', 14),
(839, 'Pipalmadi', 14),
(840, 'PuranoJhangajholi', 14),
(841, 'Ranibas', 14),
(842, 'Ranichuri', 14),
(843, 'Ratanchura', 14),
(844, 'Ratnawati', 14),
(845, 'Santeswori(Rampur)', 14),
(846, 'Sirthouli', 14),
(847, 'Sitalpati', 14),
(848, 'Solpathana', 14),
(849, 'SunamPokhari', 14),
(850, 'Tamajor', 14),
(851, 'Tandi', 14),
(852, 'Tinkanya', 14),
(853, 'Tosramkhola', 14),
(854, 'TribhuvanAmbote', 14),
(855, 'Amarpatti', 15),
(856, 'Amlekhganj', 15),
(857, 'Amritgang', 15),
(858, 'Avab', 15),
(859, 'Babuain', 15),
(860, 'Bachhanpurwa', 15),
(861, 'Badaki Fulbariya', 15),
(862, 'Bagahi', 15),
(863, 'Bahuari', 15),
(864, 'Balirampur', 15),
(865, 'Banjariya', 15),
(866, 'Barainiya', 15),
(867, 'Bariyarpur', 15),
(868, 'Batara', 15),
(869, 'Beldari', 15),
(870, 'Benauli', 15),
(871, 'Bhaganpur', 15),
(872, 'Bhagwanpur', 15),
(873, 'BhaluyeeArwaliya', 15),
(874, 'BharatganjSigaul', 15),
(875, 'Bhatauda', 15),
(876, 'Bhodaha', 15),
(877, 'Bishrampur', 15),
(878, 'Bishunpur', 15),
(879, 'Bishunpurwa', 15),
(880, 'Buniyad', 15),
(881, 'Chhatapipra', 15),
(882, 'Chhatawa', 15),
(883, 'Dahiyar', 15),
(884, 'Dewapur', 15),
(885, 'Dharmanagar', 15),
(886, 'Dohari', 15),
(887, 'Dumarwana', 15),
(888, 'Fatepur', 15),
(889, 'Gadhahal', 15),
(890, 'Ganjbhawanipur', 15),
(891, 'Golaganj', 15),
(892, 'Haraiya', 15),
(893, 'Hardiya', 15),
(894, 'Hariharpur', 15),
(895, 'Inarwamal', 15),
(896, 'Inarwasira', 15),
(897, 'Itiyahi', 15),
(898, 'Jhitakaiya(Dakshin)', 15),
(899, 'Jhitakaiya(Uttar)', 15),
(900, 'JitpurBhawanipur', 15),
(901, 'Kabahigoth', 15),
(902, 'Kabahijabdi', 15),
(903, 'Kachorwa', 15),
(904, 'Kakadi', 15),
(905, 'Kalaiya', 15),
(906, 'Karaiya', 15),
(907, 'Khopawa', 15),
(908, 'Khutwajabdi', 15),
(909, 'Kolhabi', 15),
(910, 'Kudawa', 15),
(911, 'Lipanimal', 15),
(912, 'Madhurijabdi', 15),
(913, 'Mahendra Adarsha', 15),
(914, 'Maheshpur', 15),
(915, 'Majhariya', 15),
(916, 'Manaharwa', 15),
(917, 'Matiarwa', 15),
(918, 'Motisar', 15),
(919, 'n.a. (1)', 15),
(920, 'n.a. (2)', 15),
(921, 'Narahi', 15),
(922, 'Nijgadh', 15),
(923, 'PakadiyaChikani', 15),
(924, 'Paterwa', 15),
(925, 'Patharhati', 15),
(926, 'Pathera', 15),
(927, 'Pheta', 15),
(928, 'Piparabirta', 15),
(929, 'PiparaSimara', 15),
(930, 'Piparpati Jabadi', 15),
(931, 'PiparpatiParchrouwa', 15),
(932, 'PipraBasantapur', 15),
(933, 'PipradhiGoth', 15),
(934, 'Prasauni', 15),
(935, 'Prastoka', 15),
(936, 'Prasurmpur', 15),
(937, 'Purainiya', 15),
(938, 'Raghunathpur', 15),
(939, 'RampurTokani', 15),
(940, 'Rampurwa', 15),
(941, 'Ratanpuri', 15),
(942, 'Rauwahi', 15),
(943, 'Sapahi', 15),
(944, 'ShreenagarBairiya', 15),
(945, 'Sihorwa', 15),
(946, 'Sinhasani', 15),
(947, 'Sisahaniya', 15),
(948, 'Tedhakatti', 15),
(949, 'Telkuwa', 15),
(950, 'Tetariya', 15),
(951, 'Uchidiha', 15),
(952, 'Umarjan', 15),
(953, 'Ayodhyapuri', 16),
(954, 'Bachhyauli', 16),
(955, 'Bagauda', 16),
(956, 'Bhandara', 16),
(957, 'Bharatpur', 16),
(958, 'Birendranagar', 16),
(959, 'Chainpur', 16),
(960, 'ChandiBhanjyang', 16),
(961, 'Dahakhani', 16),
(962, 'Darechok', 16),
(963, 'Dibyanagar', 16),
(964, 'Fulbari', 16),
(965, 'Gardi', 16),
(966, 'Gitanagar', 16),
(967, 'Gunjanagar', 16),
(968, 'Jagatpur', 16),
(969, 'Jutpani', 16),
(970, 'Kabilas', 16),
(971, 'Kathar', 16),
(972, 'Kaule', 16),
(973, 'Khairahani', 16),
(974, 'Korak', 16),
(975, 'Kumroj', 16),
(976, 'Lothar', 16),
(977, 'MadiKalyanpur', 16),
(978, 'Mangalpur', 16),
(979, 'Meghauli', 16),
(980, 'Padampur', 16),
(981, 'Parbatipur', 16),
(982, 'Patihani', 16),
(983, 'Piple', 16),
(984, 'Pithuwa', 16),
(985, 'Ratnanagar', 16),
(986, 'Royal Chitawan Natio', 16),
(987, 'Saradanagar', 16),
(988, 'Shaktikhor', 16),
(989, 'Sibanagar', 16),
(990, 'Siddi', 16),
(991, 'Sukranagar', 16),
(992, 'Agara', 17),
(993, 'Ambhanjyang', 17),
(994, 'Bajrabarahi', 17),
(995, 'Basamadi', 17),
(996, 'Betini', 17),
(997, 'Bhaise', 17),
(998, 'BhartaPundyadevi', 17),
(999, 'Bhimfedi', 17),
(1000, 'Budhichaur', 17),
(1001, 'Chitlang', 17),
(1002, 'Churiyamai', 17),
(1003, 'Daman', 17),
(1004, 'Dandakharka', 17),
(1005, 'Dhimal', 17),
(1006, 'Fakhel', 17),
(1007, 'Faparbari', 17),
(1008, 'Gogane', 17),
(1009, 'Handikhola', 17),
(1010, 'Hatiya', 17),
(1011, 'Hetauda', 17),
(1012, 'Hurnamadi', 17),
(1013, 'IpaPanchakanya', 17),
(1014, 'Kalikatar', 17),
(1015, 'Kankada', 17),
(1016, 'Khairang', 17),
(1017, 'Kogate', 17),
(1018, 'Kulekhani', 17),
(1019, 'Makwanpurgadhi', 17),
(1020, 'Manahari', 17),
(1021, 'Manthali', 17),
(1022, 'Markhu', 17),
(1023, 'Namtar', 17),
(1024, 'Nibuwatar', 17),
(1025, 'PadamPokhari', 17),
(1026, 'Palung', 17),
(1027, 'Parsa Wildlife Reser', 17),
(1028, 'Raigaun', 17),
(1029, 'Raksirang', 17),
(1030, 'SarikhetPalase', 17),
(1031, 'Shikharpur', 17),
(1032, 'ShreepurChhatiwan', 17),
(1033, 'SisneriMahadevsthan', 17),
(1034, 'Sukaura', 17),
(1035, 'Thingan', 17),
(1036, 'TistungDeurali', 17),
(1037, 'Alau', 18),
(1038, 'Amarpatti', 18),
(1039, 'Auraha', 18),
(1040, 'Bagahi', 18),
(1041, 'Bagbana', 18),
(1042, 'BageshwariTirtrona', 18),
(1043, 'BahauriPidari', 18),
(1044, 'Bahuarbamatha', 18),
(1045, 'Basadilwa', 18),
(1046, 'Basantapur', 18),
(1047, 'BelwaParsouni', 18),
(1048, 'BeriyaBirta(Wa.Pu.)', 18),
(1049, 'BeriyaBirta', 18),
(1050, 'Bhawanipur', 18),
(1051, 'Bhedihari', 18),
(1052, 'Bhisawa', 18),
(1053, 'Bijbaniya', 18),
(1054, 'Bindabasini', 18),
(1055, 'Biranchibarba', 18),
(1056, 'Birgunj', 18),
(1057, 'Birwaguthi', 18),
(1058, 'Bisrampur', 18),
(1059, 'Chorni', 18),
(1060, 'Deukhana', 18),
(1061, 'Dhaubini', 18),
(1062, 'Dhore', 18),
(1063, 'Gadi', 18),
(1064, 'Gamhariya', 18),
(1065, 'GhoddaudaPipra', 18),
(1066, 'Govindapur', 18),
(1067, 'HariharpurBirta', 18),
(1068, 'Hariharpur', 18),
(1069, 'Harpatagunj', 18),
(1070, 'Harpur', 18),
(1071, 'JagaranathpurSira', 18),
(1072, 'Jaimangalapur', 18),
(1073, 'Janakitala', 18),
(1074, 'Jeetpur', 18),
(1075, 'JhouwaGuthi', 18),
(1076, 'KauwaBanKataiya', 18),
(1077, 'Lahawarthakari', 18),
(1078, 'Lakhanpur', 18),
(1079, 'Lalparsa', 18),
(1080, 'Langadi', 18),
(1081, 'LipaniBirta', 18),
(1082, 'MadhubanMathaul', 18),
(1083, 'Mahadevpatti', 18),
(1084, 'Mahuwan', 18),
(1085, 'Mainpur(Pakaha)', 18),
(1086, 'Maniyari', 18),
(1087, 'Masihani', 18),
(1088, 'Mikhampur', 18),
(1089, 'Mirjapur', 18),
(1090, 'Mudali', 18),
(1091, 'Nagardaha', 18),
(1092, 'Nichuta', 18),
(1093, 'Nirmalbasti', 18),
(1094, 'Pancharukhi', 18),
(1095, 'ParsauniBirta', 18),
(1096, 'ParsauniMatha', 18),
(1097, 'Pidariguthi', 18),
(1098, 'Pokhariya', 18),
(1099, 'Prasurampur', 18),
(1100, 'Ramgadhawa', 18),
(1101, 'Ramnagari', 18),
(1102, 'Royal Chitawan Natio', 18),
(1103, 'Sabaithawa', 18),
(1104, 'SakhuwaPrasauni', 18),
(1105, 'Samjhauta', 18),
(1106, 'Sankarsaraiya', 18),
(1107, 'Sedhawa', 18),
(1108, 'ShivaWorga', 18),
(1109, 'SirsiyaKhalwatola', 18),
(1110, 'Sonbarsa', 18),
(1111, 'Sreesiya(Nau.Ta.Ja.', 18),
(1112, 'Subarnapur', 18),
(1113, 'SugauliBirta', 18),
(1114, 'SugauliPartewa', 18),
(1115, 'Supauli', 18),
(1116, 'Surjaha', 18),
(1117, 'Thori', 18),
(1118, 'TulasiBarba', 18),
(1119, 'UdayapurDhurmi', 18),
(1120, 'Vauratar', 18),
(1121, 'Ajagabi', 19),
(1122, 'Akolawa', 19),
(1123, 'Auraiya', 19),
(1124, 'Badharwa', 19),
(1125, 'Bagahi', 19),
(1126, 'BahuwaMadanpur', 19),
(1127, 'Bairiya', 19),
(1128, 'Banjaraha', 19),
(1129, 'Bariyarpur', 19),
(1130, 'Basantapatti', 19),
(1131, 'Basatpur', 19),
(1132, 'BasbitiJingadiya', 19),
(1133, 'Bhalohiya(Pipra)', 19),
(1134, 'Bhediyahi', 19),
(1135, 'Birtiprastoka', 19),
(1136, 'Bishrampur', 19),
(1137, 'Bisunpurwamanpur', 19),
(1138, 'Brahmapuri', 19),
(1139, 'Chandranigahapur', 19),
(1140, 'Debahi', 19),
(1141, 'Dharhari', 19),
(1142, 'Dharmapur', 19),
(1143, 'Dipahi', 19),
(1144, 'Dumariya(Matiauna)', 19),
(1145, 'Dumriya(Paroha)', 19),
(1146, 'FatuhaMaheshpur', 19),
(1147, 'FatuwaHarsaha', 19),
(1148, 'Gadhi(Bhanawanpur)', 19),
(1149, 'GamhariyaBirta', 19),
(1150, 'GamhariyaParsa', 19),
(1151, 'Gangapipara', 19),
(1152, 'GarudaBairiya', 19),
(1153, 'Gaur', 19),
(1154, 'Gedahiguthi', 19),
(1155, 'Hadiryapaltuwa', 19),
(1156, 'Hajminiya', 19),
(1157, 'Hathiyahi', 19),
(1158, 'IharbariJyutahi', 19),
(1159, 'Inaruwa', 19),
(1160, 'Jatahara', 19),
(1161, 'Jayanagar', 19),
(1162, 'Jethrahiya', 19),
(1163, 'Jhunkhunwa', 19),
(1164, 'JingadawaBelbichwa', 19),
(1165, 'Jowaha(Jokaha)', 19),
(1166, 'Judibela', 19),
(1167, 'Kakanpur', 19),
(1168, 'KarkachKarmaiya', 19),
(1169, 'Karuniya', 19),
(1170, 'Katahariya', 19),
(1171, 'Khesarhiya', 19),
(1172, 'Laximiniya', 19),
(1173, 'Laxmipur(Do)', 19),
(1174, 'Laxmipurbelbichawa', 19),
(1175, 'Lokaha', 19),
(1176, 'Madhopur', 19),
(1177, 'Mahamadpur', 19),
(1178, 'Malahi', 19),
(1179, 'Maryadpur', 19),
(1180, 'Masedawa', 19),
(1181, 'Mathiya', 19),
(1182, 'Matsari', 19),
(1183, 'Mithuawa', 19),
(1184, 'Mudwalawa', 19),
(1185, 'NarkatiyaGuthi', 19),
(1186, 'Pacharukhi', 19),
(1187, 'Pataura', 19),
(1188, 'PatharaBudharampur', 19),
(1189, 'Paurai', 19),
(1190, 'PiparaPokhariya', 19),
(1191, 'Pipariya(Dostiya)', 19),
(1192, 'Pipariya(Paroha)', 19),
(1193, 'PipraBhagwanpur', 19),
(1194, 'PipraRajbara', 19),
(1195, 'Pothiyahi', 19),
(1196, 'Pratappur Paltuwa', 19),
(1197, 'PrempurGunahi', 19),
(1198, 'Raghunathpur', 19),
(1199, 'Rajdevi', 19),
(1200, 'Rajpurfarhadawa', 19),
(1201, 'RajpurTulsi', 19),
(1202, 'Ramoli Bairiya', 19),
(1203, 'Rampurkhap', 19),
(1204, 'Rangapur', 19),
(1205, 'Sakhuawa', 19),
(1206, 'SakhuwaDhamaura', 19),
(1207, 'Samanpur', 19),
(1208, 'Sangrampur', 19),
(1209, 'Santapur(Dostiya)', 19),
(1210, 'Santpur(Matiaun)', 19),
(1211, 'Sarmujawa', 19),
(1212, 'Saruatha', 19),
(1213, 'Saunaraniya', 19),
(1214, 'ShitalpurBairgania', 19),
(1215, 'SimaraBhawanipur', 19),
(1216, 'Tejapakar', 19),
(1217, 'Tengraha', 19),
(1218, 'Aamtep', 20),
(1219, 'Annapurna', 20),
(1220, 'Baikunthe', 20),
(1221, 'Basikhola', 20),
(1222, 'Basingtharpur', 20),
(1223, 'Basteem', 20),
(1224, 'Bhaisipankha', 20),
(1225, 'Bhojpur', 20),
(1226, 'Bhubal(Yoon)', 20),
(1227, 'Bhulke', 20),
(1228, 'Bokhim', 20),
(1229, 'Boya', 20),
(1230, 'Champe', 20),
(1231, 'Changre', 20),
(1232, 'Charambi', 20),
(1233, 'Chaukidada', 20),
(1234, 'Chhinamakhu', 20),
(1235, 'Dalgaun', 20),
(1236, 'Deurali', 20),
(1237, 'Dewantar', 20),
(1238, 'Dhotlekhani', 20),
(1239, 'Dobhane', 20),
(1240, 'Dummana', 20),
(1241, 'Gogane', 20),
(1242, 'Guptesor', 20),
(1243, 'Hasanpur', 20),
(1244, 'Helauchha', 20),
(1245, 'Homtang', 20),
(1246, 'Jarayotar', 20),
(1247, 'Keemalung', 20),
(1248, 'Keurepani', 20),
(1249, 'Khairang', 20),
(1250, 'Khartimchha', 20),
(1251, 'Khatamma', 20),
(1252, 'Khawa', 20),
(1253, 'Kota', 20),
(1254, 'Kudakkaule', 20),
(1255, 'Kulunga', 20),
(1256, 'Lekharka', 20),
(1257, 'ManeBhanjyang', 20),
(1258, 'Mulpani', 20),
(1259, 'Nagi', 20),
(1260, 'Nepaledada', 20),
(1261, 'Okhre', 20),
(1262, 'Pangcha', 20),
(1263, 'Patlepani', 20),
(1264, 'Pawala', 20),
(1265, 'Pyauli', 20),
(1266, 'Ranibas', 20),
(1267, 'Sangpang', 20),
(1268, 'SanoDumma', 20),
(1269, 'Shyamsila', 20),
(1270, 'Siddheswor', 20),
(1271, 'Sindrang', 20),
(1272, 'Taksar', 20),
(1273, 'Thidingkha', 20),
(1274, 'ThuloDumma', 20),
(1275, 'Timma', 20),
(1276, 'TiwariBhangyan', 20),
(1277, 'Tunggechha', 20),
(1278, 'Walangkha', 20),
(1279, 'Yaku', 20),
(1280, 'Yangpang', 20),
(1281, 'Ahale', 21),
(1282, 'Ankhisalla', 21),
(1283, 'ArkhauleJitpur', 21),
(1284, 'Basantatar', 21),
(1285, 'Belhara', 21),
(1286, 'Bhirgaun', 21),
(1287, 'Bodhe', 21),
(1288, 'Budhabare', 21),
(1289, 'BudiMorang', 21),
(1290, 'Chanuwa', 21),
(1291, 'Chhintang', 21),
(1292, 'Chungwang', 21),
(1293, 'Danda Bazar', 21),
(1294, 'Dandagoun', 21),
(1295, 'Dhankuta', 21),
(1296, 'Faksib', 21),
(1297, 'Falate', 21),
(1298, 'Ghorlikharka', 21),
(1299, 'Hathikharka', 21),
(1300, 'Khoku', 21),
(1301, 'Khuwafok', 21),
(1302, 'Kurule', 21),
(1303, 'Leguwa', 21),
(1304, 'Mahabharat', 21),
(1305, 'MarekKatahare', 21),
(1306, 'Mounabudhuk', 21),
(1307, 'Mudebas', 21),
(1308, 'Muga', 21),
(1309, 'Murtidhunga', 21),
(1310, 'Pakhribas', 21),
(1311, 'Parewadin', 21),
(1312, 'Rajarani', 21),
(1313, 'Sanne', 21),
(1314, 'Tankhuwa', 21),
(1315, 'Telia', 21),
(1316, 'Vedetar', 21),
(1317, 'Amahibariyati', 22),
(1318, 'Amardaha', 22),
(1319, 'Amgachhi', 22),
(1320, 'Babiyabirta', 22),
(1321, 'Bahuni', 22),
(1322, 'Baijanathpur', 22),
(1323, 'Banigama', 22),
(1324, 'Baradanga', 22),
(1325, 'Bayarban', 22),
(1326, 'Belbari', 22),
(1327, 'Bhaudaha', 22),
(1328, 'Bhogateni', 22),
(1329, 'Biratnagar', 22),
(1330, 'Budhanagar', 22),
(1331, 'Dadarbairiya', 22),
(1332, 'Dainiya', 22),
(1333, 'Dangihat', 22),
(1334, 'Dangraha', 22),
(1335, 'Drabesh', 22),
(1336, 'Dulari', 22),
(1337, 'Govindapur', 22),
(1338, 'Haraicha', 22),
(1339, 'Hasandaha', 22),
(1340, 'Hathimudha', 22),
(1341, 'Hoklabari', 22),
(1342, 'Indrapur', 22),
(1343, 'Itahara', 22),
(1344, 'Jante', 22),
(1345, 'Jhorahat', 22),
(1346, 'Jhurkiya', 22),
(1347, 'Kaseni', 22),
(1348, 'Katahari', 22),
(1349, 'Kathamaha', 22),
(1350, 'Kerabari', 22),
(1351, 'Keroun', 22),
(1352, 'Lakhantari', 22),
(1353, 'Letang', 22),
(1354, 'Madhumalla', 22),
(1355, 'Mahadewa', 22),
(1356, 'Majhare', 22),
(1357, 'Matigachha', 22),
(1358, 'Motipur', 22),
(1359, 'Mrigauliya', 22),
(1360, 'Necha', 22),
(1361, 'Pathari', 22),
(1362, 'Patigaun', 22),
(1363, 'Pokhariya', 22),
(1364, 'Rajghat', 22),
(1365, 'Ramitekhola', 22),
(1366, 'Rangeli', 22),
(1367, 'Sanischare', 22),
(1368, 'Sidharaha', 22),
(1369, 'Sijuwa', 22),
(1370, 'Singhadevi', 22),
(1371, 'Sisabanibadahara', 22),
(1372, 'Sisawanijahada', 22),
(1373, 'Sorabhag', 22),
(1374, 'Sundarpur', 22),
(1375, 'Takuwa', 22),
(1376, 'Tandi', 22),
(1377, 'Tankisinuwari', 22),
(1378, 'Tetariya', 22),
(1379, 'Thalaha', 22),
(1380, 'Urlabari', 22),
(1381, 'Warangi', 22),
(1382, 'Yangshila', 22),
(1383, 'Ankhibhui', 23),
(1384, 'Bahrabise', 23),
(1385, 'Bala', 23),
(1386, 'Bana', 23),
(1387, 'Baneswor', 23),
(1388, 'Chainpur', 23),
(1389, 'Chepuwa', 23),
(1390, 'Dhupu', 23),
(1391, 'Diding', 23),
(1392, 'Hatiya', 23),
(1393, 'Jaljala', 23),
(1394, 'Keemathnka', 23),
(1395, 'Khandbari', 23),
(1396, 'Kharang', 23),
(1397, 'MadiMulkharka', 23),
(1398, 'MadiRambeni', 23),
(1399, 'Makalu', 23),
(1400, 'Mamling', 23),
(1401, 'Mangtewa', 23),
(1402, 'Matsyapokhari', 23),
(1403, 'Mawadin', 23),
(1404, 'Num', 23),
(1405, 'Nundhaki', 23),
(1406, 'Pathibhara', 23),
(1407, 'Pawakhola', 23),
(1408, 'Sabhapokhari', 23),
(1409, 'Siddhakali', 23),
(1410, 'Siddhapokhari', 23),
(1411, 'Sisuwakhola', 23),
(1412, 'Sitalpati', 23),
(1413, 'Syabun', 23),
(1414, 'Tamafok', 23),
(1415, 'Tamku', 23),
(1416, 'Yafu', 23),
(1417, 'Aekamba', 24),
(1418, 'Amaduwa', 24),
(1419, 'Amahibelaha', 24),
(1420, 'Aurabarni', 24),
(1421, 'Babiya', 24),
(1422, 'Bakalauri', 24),
(1423, 'Barahachhetra', 24),
(1424, 'Basantapur', 24),
(1425, 'BhadgauSinawari', 24),
(1426, 'Bhaluwa', 24),
(1427, 'Bharaul', 24),
(1428, 'Bhokraha', 24),
(1429, 'Bishnupaduka', 24),
(1430, 'Chadwela', 24),
(1431, 'Chhitaha', 24),
(1432, 'Chimdi', 24),
(1433, 'Dewanganj', 24),
(1434, 'Dharan', 24),
(1435, 'Dhuskee', 24),
(1436, 'Duhabi', 24),
(1437, 'Dumaraha', 24),
(1438, 'Gautampur', 24),
(1439, 'Hanshposha', 24),
(1440, 'Harinagar', 24),
(1441, 'Haripur', 24),
(1442, 'Inaruwa', 24),
(1443, 'Itahari', 24),
(1444, 'Jalpapur', 24),
(1445, 'Kaptanganj', 24),
(1446, 'Khanar', 24),
(1447, 'Koshi Tappu Wildlife', 24),
(1448, 'Laukahi', 24),
(1449, 'Madhelee', 24),
(1450, 'Madhesa', 24),
(1451, 'Madhuwan', 24),
(1452, 'Madhyeharsahi', 24),
(1453, 'Mahendranagar', 24),
(1454, 'Narshinhatappu', 24),
(1455, 'Pakali', 24),
(1456, 'Panchkanya', 24),
(1457, 'PaschimKasuha', 24),
(1458, 'Prakashpur', 24),
(1459, 'Purbakushaha', 24),
(1460, 'RamganjBelgachhi', 24),
(1461, 'RamganjSenuwari', 24),
(1462, 'RamnagarBhutaha', 24),
(1463, 'Sahebganj', 24),
(1464, 'Santerjhora', 24),
(1465, 'Simariya', 24),
(1466, 'Singiya', 24),
(1467, 'Sonapur', 24),
(1468, 'Sripurjabdi', 24),
(1469, 'Tanamuna', 24),
(1470, 'Ambung', 25),
(1471, 'Angdeem', 25),
(1472, 'Basantapur', 25),
(1473, 'Chhatedhunga', 25),
(1474, 'Chuhandanda', 25),
(1475, 'Dangapa', 25),
(1476, 'Eseebu', 25),
(1477, 'Ewa', 25),
(1478, 'Hamarjung', 25),
(1479, 'Hwaku', 25),
(1480, 'Jaljale', 25),
(1481, 'Jirikhinti', 25),
(1482, 'Khamlalung', 25),
(1483, 'Morahang', 25),
(1484, 'Myanglung', 25),
(1485, 'Okhare', 25),
(1486, 'Oyakjung', 25),
(1487, 'PanchakanyaPokhari', 25),
(1488, 'Phakchamara', 25),
(1489, 'Phulek', 25),
(1490, 'Piple', 25),
(1491, 'Pouthak', 25),
(1492, 'Sabla', 25),
(1493, 'Samdu', 25),
(1494, 'SankrantiBazar', 25),
(1495, 'ShreeJung', 25),
(1496, 'Simle', 25),
(1497, 'Solma', 25),
(1498, 'Sudap', 25),
(1499, 'Sungnam', 25),
(1500, 'Tamfula', 25),
(1501, 'Thoklung', 25),
(1502, 'Amchok', 26),
(1503, 'Bajho', 26),
(1504, 'Barbote', 26),
(1505, 'Chameta', 26),
(1506, 'Chisapani', 26),
(1507, 'Chulachuli', 26),
(1508, 'Danabari', 26),
(1509, 'Dhuseni', 26),
(1510, 'Ebhang', 26),
(1511, 'Ektappa', 26),
(1512, 'Erautar', 26),
(1513, 'Gajurmukhi', 26),
(1514, 'Goduk', 26),
(1515, 'Gorkhe', 26),
(1516, 'Ilam', 26),
(1517, 'Jamuna', 26),
(1518, 'Jirmale', 26),
(1519, 'Jitpur', 26),
(1520, 'Jogmai', 26),
(1521, 'Kanyam', 26),
(1522, 'Kolbung', 26),
(1523, 'Laxmipur', 26),
(1524, 'Lumde', 26),
(1525, 'Mabu', 26),
(1526, 'Mahamai', 26),
(1527, 'Maimajhuwa', 26),
(1528, 'Maipokhari', 26),
(1529, 'Mangalbare', 26),
(1530, 'Namsaling', 26),
(1531, 'NayaBazar', 26),
(1532, 'Panchkanya', 26),
(1533, 'PasupatiNagar', 26),
(1534, 'Phakphok', 26),
(1535, 'PhikalBazar', 26),
(1536, 'Phuyatappa', 26),
(1537, 'Puwamajhuwa', 26),
(1538, 'Pyang', 26),
(1539, 'Sakfara', 26),
(1540, 'Sakhejung', 26),
(1541, 'Samalbung', 26),
(1542, 'Sangrumba', 26),
(1543, 'Shantidanda', 26),
(1544, 'Shantipur', 26),
(1545, 'ShreeAntu', 26),
(1546, 'Siddhithumka', 26),
(1547, 'Sopak', 26),
(1548, 'Soyang', 26),
(1549, 'Sulubung', 26),
(1550, 'Sumbek', 26),
(1551, 'Anarmani', 27),
(1552, 'Arjundhara', 27),
(1553, 'Bahundangi', 27),
(1554, 'Baigundhura', 27),
(1555, 'Balubari', 27),
(1556, 'Baniyani', 27),
(1557, 'Bhadrapur', 27),
(1558, 'Budhabare', 27),
(1559, 'Chakchaki', 27),
(1560, 'Chandragadhi', 27),
(1561, 'Charpane', 27),
(1562, 'Damak', 27),
(1563, 'Dangibari', 27),
(1564, 'Dhaijan', 27),
(1565, 'Dharampur', 27),
(1566, 'Duwagadhi', 27),
(1567, 'Garamani', 27),
(1568, 'Gauradaha', 27),
(1569, 'Gauriganj', 27),
(1570, 'Ghailadubba', 27),
(1571, 'Gherabari', 27),
(1572, 'Goldhap', 27),
(1573, 'Haldibari', 27),
(1574, 'Jalthal', 27),
(1575, 'Juropani', 27),
(1576, 'Jyamirgadhi', 27),
(1577, 'Kechana', 27),
(1578, 'Khajurgachhi', 27),
(1579, 'Khudunabari', 27),
(1580, 'Kohabara', 27),
(1581, 'Korobari', 27),
(1582, 'Kumarkhod', 27),
(1583, 'Lakhanpur', 27),
(1584, 'Mahabhara', 27),
(1585, 'Maharanijhoda', 27),
(1586, 'Maheshpur', 27),
(1587, 'Mechinagar', 27),
(1588, 'Panchgachhi', 27),
(1589, 'Pathamari', 27),
(1590, 'Pathariya', 27),
(1591, 'Prithivinagar', 27),
(1592, 'Rajgadh', 27),
(1593, 'Sanischare', 27),
(1594, 'Satasidham', 27),
(1595, 'Shantinagar', 27),
(1596, 'Sharanamati', 27),
(1597, 'Shivaganj', 27),
(1598, 'Surunga', 27),
(1599, 'Tagandubba', 27),
(1600, 'Topgachchi', 27),
(1601, 'Aangna', 28),
(1602, 'Aangsarang', 28),
(1603, 'Aarubote', 28),
(1604, 'Amarpur', 28),
(1605, 'Bharapa', 28),
(1606, 'Chilingdin', 28),
(1607, 'Chokmagu', 28),
(1608, 'Chyangthapu', 28),
(1609, 'Durdimba', 28),
(1610, 'Ekteen', 28),
(1611, 'Embung', 28),
(1612, 'Falaicha', 28),
(1613, 'Hangum', 28),
(1614, 'Kurumba', 28),
(1615, 'Limba', 28),
(1616, 'Lungrupa', 28),
(1617, 'Luwamfu', 28),
(1618, 'Mangjabung', 28),
(1619, 'Mauwa', 28),
(1620, 'Memeng', 28),
(1621, 'Nagi', 28),
(1622, 'Nangeen', 28),
(1623, 'Nawamidanda', 28),
(1624, 'Olane', 28),
(1625, 'Oyam', 28),
(1626, 'Panchami', 28),
(1627, 'Pauwasartap', 28),
(1628, 'Phaktep', 28),
(1629, 'Phidim', 28),
(1630, 'Prangbung', 28),
(1631, 'Rabi', 28),
(1632, 'Ranigaun', 28),
(1633, 'Ranitar', 28),
(1634, 'Sarangdanda', 28),
(1635, 'Sidin', 28),
(1636, 'Siwa', 28),
(1637, 'Sumang', 28),
(1638, 'Syangrumba', 28),
(1639, 'Tharpu', 28),
(1640, 'Yanganam', 28),
(1641, 'Yasok', 28),
(1642, 'Ambegudin', 29),
(1643, 'Ankhop', 29),
(1644, 'Chaksibote', 29),
(1645, 'Change', 29),
(1646, 'Dhungesaghu', 29),
(1647, 'Dokhu', 29),
(1648, 'Dummrise', 29),
(1649, 'Ekhabu', 29),
(1650, 'Hangdeva', 29),
(1651, 'Hangpang', 29),
(1652, 'Kalikhola', 29),
(1653, 'Khamlung', 29),
(1654, 'Khejenim', 29),
(1655, 'Khewang', 29),
(1656, 'Khokling', 29),
(1657, 'Lelep', 29),
(1658, 'Limbudin', 29),
(1659, 'Lingtep', 29),
(1660, 'Linkhim', 29),
(1661, 'Liwang', 29),
(1662, 'Mamankhe', 29),
(1663, 'Mehele', 29),
(1664, 'Nalbu', 29),
(1665, 'Nankholyang', 29),
(1666, 'Nidhuradin', 29),
(1667, 'Olangchunggola', 29),
(1668, 'Papung', 29),
(1669, 'Pedang', 29),
(1670, 'Phakumba', 29),
(1671, 'Phawakhola', 29),
(1672, 'Phulbari', 29),
(1673, 'Phungling', 29),
(1674, 'Phurumbu', 29),
(1675, 'Sadewa', 29),
(1676, 'Sangu', 29),
(1677, 'Santhakra', 29),
(1678, 'Sanwa', 29),
(1679, 'Sawadin', 29),
(1680, 'Sawalakhu', 29),
(1681, 'Sikaicha', 29),
(1682, 'Sinam', 29),
(1683, 'Surumakhim', 29),
(1684, 'Tapethok', 29),
(1685, 'Tellok', 29),
(1686, 'Thechambu', 29),
(1687, 'Thinglabu', 29),
(1688, 'Thukima', 29),
(1689, 'Thumbedin', 29),
(1690, 'Tiringe', 29),
(1691, 'Yamfudin', 29),
(1692, 'Ainselukharka', 30),
(1693, 'Arkhaule', 30),
(1694, 'Badahare', 30),
(1695, 'Badaka Diyale', 30),
(1696, 'Bahunidanda', 30),
(1697, 'Bakachol', 30),
(1698, 'Baksila', 30),
(1699, 'Bamrang', 30),
(1700, 'Barahapokhari', 30),
(1701, 'Baspani', 30),
(1702, 'Batase', 30),
(1703, 'Bijayakharka', 30),
(1704, 'Buipa', 30),
(1705, 'Chhitapokhari', 30),
(1706, 'Chhorambu', 30),
(1707, 'Chipring', 30),
(1708, 'Chisapani', 30),
(1709, 'Chyandada', 30),
(1710, 'Chyasmitar', 30),
(1711, 'Damarkhushivalaya', 30),
(1712, 'Dandagoun', 30),
(1713, 'Devisthan', 30),
(1714, 'Dhitung', 30),
(1715, 'Diktel', 30),
(1716, 'Dikuwa', 30),
(1717, 'Diplung', 30),
(1718, 'Dorpachiuridada', 30),
(1719, 'Dubekoldada', 30),
(1720, 'DumreDharapani', 30),
(1721, 'Durchhim', 30),
(1722, 'Faktang', 30),
(1723, 'Haunchur', 30),
(1724, 'Indranipokhari', 30),
(1725, 'Jalapa', 30),
(1726, 'Jyamire', 30),
(1727, 'Kahule', 30),
(1728, 'Khalle', 30),
(1729, 'Kharmi', 30),
(1730, 'Kharpa', 30),
(1731, 'Khartanchha', 30),
(1732, 'Khidima', 30),
(1733, 'Khotangbazar', 30),
(1734, 'Kuvinde', 30),
(1735, 'Lafyang', 30),
(1736, 'Lamidada', 30),
(1737, 'Lichkiramche', 30),
(1738, 'Likuwapokhari', 30),
(1739, 'Magpa', 30),
(1740, 'Mahadevsthan', 30),
(1741, 'Mangaltar', 30),
(1742, 'MattimBirta', 30),
(1743, 'Mauwabote', 30),
(1744, 'Nerpa', 30),
(1745, 'Nirmalidada', 30),
(1746, 'Nunthala', 30),
(1747, 'Patheka', 30),
(1748, 'Pauwasera', 30),
(1749, 'Phedi', 30),
(1750, 'R.Maheswori', 30),
(1751, 'Rajapani', 30),
(1752, 'RakhaBangdel', 30),
(1753, 'RakhaDipsung', 30),
(1754, 'RatanchaMajhagau', 30),
(1755, 'Ribdungjaleswor', 30),
(1756, 'Sa.Chhitapokhari', 30),
(1757, 'Salle', 30),
(1758, 'Sapteswor', 30),
(1759, 'Saunechaur', 30),
(1760, 'Sawakatahare', 30),
(1761, 'Simpani', 30),
(1762, 'Sungdel', 30),
(1763, 'Suntale', 30),
(1764, 'Temma', 30),
(1765, 'Woplukha', 30),
(1766, 'Wopung', 30),
(1767, 'Yamkha', 30),
(1768, 'Andheri (Narayanstha', 31),
(1769, 'Baksa', 31),
(1770, 'Balakhu', 31),
(1771, 'Barnalu', 31),
(1772, 'Baruneshwor', 31),
(1773, 'Betini', 31),
(1774, 'Bhadaure', 31),
(1775, 'Bhussinga', 31),
(1776, 'Bigutar', 31),
(1777, 'Bilandu', 31),
(1778, 'Chyanam', 31),
(1779, 'Diyale', 31),
(1780, 'Fediguth', 31),
(1781, 'Fulbari', 31),
(1782, 'Gamnangtar', 31),
(1783, 'Harkapur', 31),
(1784, 'Jantarkhani', 31),
(1785, 'Jyamire', 31),
(1786, 'Kalikadevi', 31),
(1787, 'Kaptigaun(Khigikati', 31),
(1788, 'Katunje', 31),
(1789, 'Ketuke', 31),
(1790, 'KhijiChandeshwori.', 31),
(1791, 'Khijifalate', 31),
(1792, 'Kuibhir', 31),
(1793, 'Kuntadevi', 31),
(1794, 'Madhavpur', 31),
(1795, 'Mamkha', 31),
(1796, 'Manebhanjyang', 31),
(1797, 'Moli', 31),
(1798, 'Mulkharka', 31),
(1799, 'Narmedeshwor', 31),
(1800, 'Okhaldhunga', 31),
(1801, 'Palapu', 31),
(1802, 'Palte', 31),
(1803, 'Pokali', 31),
(1804, 'Pokhare', 31),
(1805, 'Prapcha', 31),
(1806, 'Ragadeep', 31),
(1807, 'Ragani', 31),
(1808, 'Raniban', 31),
(1809, 'Ratmata', 31),
(1810, 'Rawadolu', 31),
(1811, 'Rumjatar', 31),
(1812, 'Salleri', 31),
(1813, 'Serna', 31),
(1814, 'Shreechaur', 31),
(1815, 'Singhadevi', 31),
(1816, 'SisneriMahadevsthan', 31),
(1817, 'Taluwa', 31),
(1818, 'Tarkerabari', 31),
(1819, 'Thakle', 31),
(1820, 'Thoksel', 31),
(1821, 'Thulachhap', 31),
(1822, 'Ubu', 31),
(1823, 'Yasam', 31),
(1824, 'Arnaha', 32),
(1825, 'Aurahi', 32),
(1826, 'Badgama', 32),
(1827, 'Bairawa', 32),
(1828, 'Bakdhauwa', 32),
(1829, 'Bamangamakatti', 32),
(1830, 'Banainiya', 32),
(1831, 'Banarjhula', 32),
(1832, 'Banaula', 32),
(1833, 'Banauli', 32),
(1834, 'Baramjhiya', 32),
(1835, 'Barsain(Ko.)', 32),
(1836, 'Basbalpur', 32),
(1837, 'Basbiti', 32),
(1838, 'Bathanaha', 32),
(1839, 'Belhichapena', 32),
(1840, 'Belhi', 32),
(1841, 'Bhagawatpur', 32),
(1842, 'Bhangaha', 32),
(1843, 'Bhardaha', 32),
(1844, 'Bhutahi', 32),
(1845, 'BirpurBarahi', 32),
(1846, 'Bishahariya', 32),
(1847, 'Bodebarsaien', 32),
(1848, 'Boriya', 32),
(1849, 'Brahmapur', 32),
(1850, 'Chhinnamasta', 32),
(1851, 'Dadha', 32),
(1852, 'Daulatpur', 32),
(1853, 'Deurimaruwa', 32),
(1854, 'Deuri', 32),
(1855, 'Dhanagadi', 32),
(1856, 'Dharampur', 32),
(1857, 'Dhodhanpur', 32),
(1858, 'Didhawa', 32),
(1859, 'Diman', 32),
(1860, 'Fakira', 32),
(1861, 'Farseth', 32),
(1862, 'Fatepur', 32),
(1863, 'Fulkahi', 32),
(1864, 'GamhariyaParwaha', 32),
(1865, 'GobarGada', 32),
(1866, 'Goithi', 32),
(1867, 'Hanumannagar', 32),
(1868, 'Hardiya', 32),
(1869, 'Hariharpur', 32),
(1870, 'Haripur', 32),
(1871, 'InarwaFulpariya', 32),
(1872, 'Inarwa', 32),
(1873, 'ItahariBishnupur', 32),
(1874, 'Jagatpur', 32),
(1875, 'Jamunimadhepura', 32),
(1876, 'Jandaul', 32),
(1877, 'Jhutaki', 32),
(1878, 'Joginiya-1', 32),
(1879, 'Joginiya-2', 32),
(1880, 'Kabilas', 32),
(1881, 'Kachan', 32),
(1882, 'Kalyanpur', 32),
(1883, 'Kamalpur', 32),
(1884, 'Kanchanpur', 32),
(1885, 'Kataiya', 32),
(1886, 'Khadgapur', 32),
(1887, 'Khojpur', 32),
(1888, 'Khoksarparbaha', 32),
(1889, 'Ko.Madhepura', 32),
(1890, 'Kochabakhari', 32),
(1891, 'Koiladi', 32),
(1892, 'Koshi Tappu Wildlife', 32),
(1893, 'Kushaha', 32),
(1894, 'Lalapati', 32),
(1895, 'Launiya', 32),
(1896, 'Lohajara', 32),
(1897, 'Madhawapur', 32),
(1898, 'Madhupati', 32),
(1899, 'Mahadeva', 32),
(1900, 'Mainakaderi', 32),
(1901, 'Mainasahasrabahu', 32),
(1902, 'Malekpur', 32),
(1903, 'Maleth', 32),
(1904, 'Malhanama', 32),
(1905, 'Malhaniya', 32),
(1906, 'Manraja', 32),
(1907, 'Mauwaha', 32),
(1908, 'Mohanpur', 32),
(1909, 'Nardho', 32),
(1910, 'Negada', 32),
(1911, 'Odraha', 32),
(1912, 'Pakari', 32),
(1913, 'Pansera', 32),
(1914, 'Paterwa', 32),
(1915, 'Pato', 32),
(1916, 'Patthargada', 32),
(1917, 'Pipra(Purba)', 32),
(1918, 'Pipra(West)', 32),
(1919, 'Portaha', 32),
(1920, 'Prasabani', 32),
(1921, 'Rajbiraj', 32),
(1922, 'Ramnagar', 32),
(1923, 'Rampuramalhaniya', 32),
(1924, 'Rampurjamuwa', 32),
(1925, 'Rautahat', 32),
(1926, 'Rayapur', 32),
(1927, 'Rupnagar', 32),
(1928, 'Sambhunath', 32),
(1929, 'Sankarpura', 32),
(1930, 'Sarswar', 32),
(1931, 'SimrahaSigiyoun', 32),
(1932, 'SiswaBeihi', 32),
(1933, 'Sitapur', 32),
(1934, 'Tarahi', 32),
(1935, 'Terahota', 32),
(1936, 'Theliya', 32),
(1937, 'Tikuliya', 32),
(1938, 'Tilathi', 32),
(1939, 'Trikola', 32),
(1940, 'Arnamalalpur', 33),
(1941, 'Arnamarampur', 33),
(1942, 'Asanpur', 33),
(1943, 'Ashokpur Balkawa', 33),
(1944, 'Aurahi', 33),
(1945, 'Ayodhyanagar', 33),
(1946, 'Badharamal', 33),
(1947, 'Barchhawa', 33),
(1948, 'Bariyarpatti', 33),
(1949, 'Bastipur', 33),
(1950, 'Belaha', 33),
(1951, 'Belhi', 33),
(1952, 'Betauna', 33),
(1953, 'Bhadaiya', 33),
(1954, 'Bhaganpur', 33),
(1955, 'Bhagawatipur', 33),
(1956, 'Bhawanipur', 33),
(1957, 'BhawanpurKalabanzar', 33),
(1958, 'Bhokraha', 33),
(1959, 'Bishnupurkatti', 33),
(1960, 'BishnupurPra.Ma.', 33),
(1961, 'BishnupurPra.Ra', 33),
(1962, 'Brahmagaughadi', 33),
(1963, 'ChandraAyodhyapur', 33),
(1964, 'Chandralalpur', 33),
(1965, 'Chandrodayapur', 33),
(1966, 'Chatari', 33),
(1967, 'Chikana', 33),
(1968, 'Devipur', 33),
(1969, 'Dhanagadi', 33),
(1970, 'Dhodhana', 33),
(1971, 'Dumari', 33),
(1972, 'Durgapur', 33),
(1973, 'Fulbariya', 33),
(1974, 'FulkahaKati', 33),
(1975, 'Gadha', 33),
(1976, 'Gauripur', 33),
(1977, 'Gautari', 33),
(1978, 'GovindapurMalahanam', 33),
(1979, 'GovindpurTaregana', 33),
(1980, 'Hakpara', 33),
(1981, 'Hanumannagar(Pra.Dh', 33),
(1982, 'Hanumannagar', 33),
(1983, 'Harakatti', 33),
(1984, 'Inarwa', 33),
(1985, 'Itarhawa', 33),
(1986, 'ItariParsahi', 33),
(1987, 'Itatar', 33),
(1988, 'Jamadaha', 33),
(1989, 'Janakinagar', 33),
(1990, 'Jighaul', 33),
(1991, 'Kabilasi', 33),
(1992, 'Kachanari', 33),
(1993, 'KalyanpurJabadi', 33),
(1994, 'Kalyanpurkalabanzar', 33),
(1995, 'Karjanha', 33),
(1996, 'Kharukyanhi', 33),
(1997, 'Khirauna', 33),
(1998, 'Krishnapurbirta', 33),
(1999, 'Kushahalaxininiya', 33),
(2000, 'LagadiGadiyani', 33),
(2001, 'Lagadigodh', 33),
(2002, 'Lahan', 33),
(2003, 'Lalpur', 33),
(2004, 'Laxminiya', 33),
(2005, 'Laxmipur(Pra.Ma.)', 33),
(2006, 'LaxmipurPatari', 33),
(2007, 'Madar', 33),
(2008, 'MahadewaPortaha', 33),
(2009, 'Mahanaur', 33),
(2010, 'MaheshpurGamharia', 33),
(2011, 'MaheshpurPatari', 33),
(2012, 'Majhauliya', 33),
(2013, 'Majhaura', 33),
(2014, 'Malhaniya Gamharia', 33),
(2015, 'MalhaniyaKhori', 33),
(2016, 'Mauwahi', 33),
(2017, 'Media', 33),
(2018, 'Mohanpur Kamalpur', 33),
(2019, 'Muksar', 33),
(2020, 'NaharaRigoul', 33),
(2021, 'NarahaBalkawa', 33),
(2022, 'Navarajpur', 33),
(2023, 'PadariyaTharutol', 33),
(2024, 'PipraPra.Dha', 33),
(2025, 'PipraPra.Pi', 33),
(2026, 'Pokharbhinda', 33),
(2027, 'Radhopur', 33),
(2028, 'Rajpur', 33),
(2029, 'RamnagarMirchaiya', 33),
(2030, 'Rampur Birta', 33),
(2031, 'Sakhuwanankarkatti', 33),
(2032, 'Sanhaitha', 33),
(2033, 'Sarswar', 33),
(2034, 'Sikron', 33),
(2035, 'SilorbaPachhawari', 33),
(2036, 'Siraha', 33),
(2037, 'Sisawani', 33),
(2038, 'SitapurPra.Da.', 33),
(2039, 'SitapurPra.Ra.', 33),
(2040, 'SonmatiMajhaura', 33),
(2041, 'Sothiyan', 33),
(2042, 'Sukhachina', 33),
(2043, 'Sukhipur', 33),
(2044, 'Tenuwapatti', 33),
(2045, 'ThalahaKataha', 33),
(2046, 'Tulsipur', 33),
(2047, 'Vidhyanagar', 33),
(2048, 'Baku', 34),
(2049, 'Basa', 34),
(2050, 'Beni', 34),
(2051, 'Bhakanje', 34),
(2052, 'Bung', 34),
(2053, 'Chaulakharka', 34),
(2054, 'Chaurikharka', 34),
(2055, 'Chheskam', 34),
(2056, 'Deusa', 34),
(2057, 'Garma', 34),
(2058, 'Goli', 34),
(2059, 'Gorakhani', 34),
(2060, 'Gudel', 34),
(2061, 'Jubing', 34),
(2062, 'Jubu', 34),
(2063, 'Kaku', 34),
(2064, 'Kangel', 34),
(2065, 'Khumjung', 34),
(2066, 'Kureng', 34),
(2067, 'LodingTamakhani', 34),
(2068, 'Lokhim', 34),
(2069, 'Mabe(Pawai)', 34),
(2070, 'Mukali', 34),
(2071, 'Namche', 34),
(2072, 'Nechabatase', 34),
(2073, 'NechaBedghari', 34),
(2074, 'Nele', 34),
(2075, 'Panchan', 34),
(2076, 'Salleri', 34),
(2077, 'Salyan', 34),
(2078, 'Sotang', 34),
(2079, 'Takasindu', 34),
(2080, 'Tapting', 34),
(2081, 'Tingla', 34),
(2082, 'Aaptar', 35),
(2083, 'Balamta', 35),
(2084, 'Baraha', 35),
(2085, 'Barai', 35),
(2086, 'Basabote', 35),
(2087, 'Bashaha', 35),
(2088, 'Beltar', 35),
(2089, 'Bhuttar', 35),
(2090, 'Chaudandi', 35),
(2091, 'Dumre', 35),
(2092, 'Hadiya', 35),
(2093, 'Hardeni', 35),
(2094, 'Iname', 35),
(2095, 'Jalpachilaune', 35),
(2096, 'Jante', 35),
(2097, 'Jogidaha', 35),
(2098, 'Katari', 35),
(2099, 'Katunjebawala', 35),
(2100, 'Khanbu', 35),
(2101, 'Koshi Tappu Wildlife', 35),
(2102, 'Laphagau', 35),
(2103, 'Lekhani', 35),
(2104, 'Lekhgau', 35),
(2105, 'Limpatar', 35),
(2106, 'Mainamiani', 35),
(2107, 'Nametar', 35),
(2108, 'Okhale', 35),
(2109, 'Pachchawati', 35),
(2110, 'Pokhari', 35),
(2111, 'Rauta', 35),
(2112, 'Risku', 35),
(2113, 'Rupatar', 35),
(2114, 'Saune', 35),
(2115, 'ShorungChabise', 35),
(2116, 'Sidhdipur', 35),
(2117, 'Sirise', 35),
(2118, 'Sundarpur', 35),
(2119, 'Tamlida', 35),
(2120, 'Tapeswori', 35),
(2121, 'Tawashree', 35),
(2122, 'Thanagau', 35),
(2123, 'Thoksila', 35),
(2124, 'Tribeni', 35),
(2125, 'Triyuga', 35),
(2126, 'Valayadanda', 35),
(2127, 'Yayankhu', 35),
(2128, 'Amchaur', 36),
(2129, 'Basantapur', 36),
(2130, 'Basuling', 36),
(2131, 'Bhatana', 36),
(2132, 'Bhumeswor', 36),
(2133, 'Bijayapur', 36),
(2134, 'Bilashpur', 36),
(2135, 'Bumiraj', 36),
(2136, 'Chaukham', 36),
(2137, 'Dasharathchanda', 36),
(2138, 'Dehimandau', 36),
(2139, 'Deulek', 36),
(2140, 'Dhikarim/Rim', 36),
(2141, 'Dhikasintad/Sitad', 36),
(2142, 'Dhungad', 36),
(2143, 'Dilasaini', 36),
(2144, 'DurgaBhabani', 36),
(2145, 'Durgasthan', 36),
(2146, 'Gajari', 36),
(2147, 'Giregada', 36),
(2148, 'Gokuleswor', 36),
(2149, 'Gujar', 36),
(2150, 'Gurukhola', 36),
(2151, 'Gwallek', 36),
(2152, 'Hatraj', 36),
(2153, 'Hat', 36),
(2154, 'Kaipal', 36),
(2155, 'Kataujpani', 36),
(2156, 'Kotila', 36),
(2157, 'Kotpetara', 36),
(2158, 'Kulau', 36),
(2159, 'Kuwakot', 36),
(2160, 'Mahadevsthan', 36),
(2161, 'Mahakali', 36),
(2162, 'Maharudra', 36),
(2163, 'Malladehi', 36),
(2164, 'Mathairaj', 36),
(2165, 'Maunali', 36),
(2166, 'Melauli', 36),
(2167, 'Nagarjun', 36),
(2168, 'Nwadeu', 36),
(2169, 'Nwali', 36),
(2170, 'Pancheswor', 36),
(2171, 'Patan', 36),
(2172, 'Raudidewal', 36),
(2173, 'Rauleswor', 36),
(2174, 'Rudreswor', 36),
(2175, 'Sakar', 36),
(2176, 'Salena', 36),
(2177, 'Sarmali', 36),
(2178, 'Shankarpur', 36),
(2179, 'Shibanath', 36),
(2180, 'Shikharpur', 36),
(2181, 'Shivaling', 36),
(2182, 'Siddhapur', 36),
(2183, 'Siddheswor', 36),
(2184, 'Sikash', 36),
(2185, 'Silanga', 36),
(2186, 'SreeKedar', 36),
(2187, 'Sreekot', 36),
(2188, 'Talladehi', 36),
(2189, 'Thalakanda', 36),
(2190, 'Udayadeb', 36),
(2191, 'Ajayameru', 37),
(2192, 'Alital', 37),
(2193, 'Amargadhi', 37),
(2194, 'Ashigram', 37),
(2195, 'Bagarkot', 37),
(2196, 'Belapur', 37),
(2197, 'Bhadrapur', 37),
(2198, 'Bhageswor', 37),
(2199, 'Chipur', 37),
(2200, 'DewalDibyapur', 37),
(2201, 'Ganeshpur', 37),
(2202, 'Gankhet', 37),
(2203, 'Jogbuda', 37),
(2204, 'Kailapalamandau', 37),
(2205, 'Koteli', 37),
(2206, 'Manilek', 37),
(2207, 'Mashtamandau', 37),
(2208, 'Nawadurga', 37),
(2209, 'Rupal', 37),
(2210, 'Samejee', 37),
(2211, 'Sirsha', 37),
(2212, 'Bhagawati', 38),
(2213, 'Boharigau', 38),
(2214, 'Bramhadev', 38),
(2215, 'Byash', 38),
(2216, 'Chhapari', 38),
(2217, 'Dadakot', 38),
(2218, 'Dattu', 38),
(2219, 'Dethala', 38),
(2220, 'Dhap', 38),
(2221, 'Dhari', 38),
(2222, 'Dhaulakot', 38),
(2223, 'Dhuligada', 38),
(2224, 'Eyarkot', 38),
(2225, 'Ghusa', 38),
(2226, 'Gokuleswor', 38),
(2227, 'Guljar', 38),
(2228, 'Gwani', 38),
(2229, 'Hikila', 38),
(2230, 'Hunainath', 38),
(2231, 'Huti', 38),
(2232, 'Kante', 38),
(2233, 'Khalanga', 38),
(2234, 'Khandeswori', 38),
(2235, 'Kharkada', 38),
(2236, 'Khar', 38),
(2237, 'Lali', 38),
(2238, 'Latinath', 38);
INSERT INTO `city` (`id`, `name`, `district_id`) VALUES
(2239, 'Malikarjun', 38),
(2240, 'Pipalchauri', 38),
(2241, 'Ranisikhar', 38),
(2242, 'Rapla', 38),
(2243, 'Rithachaupata', 38),
(2244, 'Sankarpur', 38),
(2245, 'Seri', 38),
(2246, 'Sharmauli', 38),
(2247, 'Sikhar', 38),
(2248, 'Sipti', 38),
(2249, 'Sitaula', 38),
(2250, 'Sunsera', 38),
(2251, 'Tapoban', 38),
(2252, 'Uku', 38),
(2253, 'BaisiBichawa', 39),
(2254, 'Beldandi', 39),
(2255, 'Chandani', 39),
(2256, 'Daijee', 39),
(2257, 'Dekhatbhuli', 39),
(2258, 'Dodhara', 39),
(2259, 'Jhalari', 39),
(2260, 'Kalika', 39),
(2261, 'Krishnapur', 39),
(2262, 'Laxmipur', 39),
(2263, 'Mahendranagar', 39),
(2264, 'Parasan', 39),
(2265, 'Pipaladi', 39),
(2266, 'RaikawarBichawa', 39),
(2267, 'RampurBilaspur', 39),
(2268, 'RauteliBichawa', 39),
(2269, 'Royal Shuklaphanta', 39),
(2270, 'Shankarpur', 39),
(2271, 'Sreepur', 39),
(2272, 'Suda', 39),
(2273, 'Tribhuwanbast', 39),
(2274, 'Babala', 40),
(2275, 'Baijinath', 40),
(2276, 'Bannatoli', 40),
(2277, 'Baradadivi', 40),
(2278, 'Basti', 40),
(2279, 'Batulasen', 40),
(2280, 'Bayala', 40),
(2281, 'Bhagyaswori', 40),
(2282, 'Bhairabsthan', 40),
(2283, 'Bhatakatiya', 40),
(2284, 'Bhuli', 40),
(2285, 'Binayak', 40),
(2286, 'Bindhyawasini', 40),
(2287, 'Birpath', 40),
(2288, 'Budhakot', 40),
(2289, 'Chalsa', 40),
(2290, 'Chandika', 40),
(2291, 'Chaphamandau', 40),
(2292, 'Darna', 40),
(2293, 'Devisthan', 40),
(2294, 'Dhakari', 40),
(2295, 'Dhaku', 40),
(2296, 'Dhamali', 40),
(2297, 'Dhodasain', 40),
(2298, 'Dhudharukot', 40),
(2299, 'Dhungachalna', 40),
(2300, 'Duni', 40),
(2301, 'Gajara', 40),
(2302, 'Hatikot', 40),
(2303, 'Hichma', 40),
(2304, 'Jalapadevi', 40),
(2305, 'Janalibandali', 40),
(2306, 'Janalikot', 40),
(2307, 'Jupu', 40),
(2308, 'Kalagau', 40),
(2309, 'Kalekanda', 40),
(2310, 'Kalikasthan', 40),
(2311, 'Kalika', 40),
(2312, 'Khaptad National Par', 40),
(2313, 'Khaptad', 40),
(2314, 'Khodasadevi', 40),
(2315, 'Kuika', 40),
(2316, 'Kuntibandali', 40),
(2317, 'Kushkot', 40),
(2318, 'Layati', 40),
(2319, 'Lungra', 40),
(2320, 'Malatikot', 40),
(2321, 'Mangalsen', 40),
(2322, 'Marku', 40),
(2323, 'Mashtabamdali', 40),
(2324, 'Mastamandau', 40),
(2325, 'Nada', 40),
(2326, 'Nandegada', 40),
(2327, 'Nawathana', 40),
(2328, 'Oligau', 40),
(2329, 'Patalkot', 40),
(2330, 'Payal', 40),
(2331, 'Pulletala', 40),
(2332, 'Rahaph', 40),
(2333, 'Ramarosan', 40),
(2334, 'Raniban', 40),
(2335, 'Risidaha', 40),
(2336, 'Rodikot', 40),
(2337, 'Santada', 40),
(2338, 'Sera', 40),
(2339, 'Siddheswor', 40),
(2340, 'Siudi', 40),
(2341, 'Soukat', 40),
(2342, 'Sutar', 40),
(2343, 'Thanti', 40),
(2344, 'Timilsain', 40),
(2345, 'Toli', 40),
(2346, 'Tosi', 40),
(2347, 'Turmakhad', 40),
(2348, 'Walanta', 40),
(2349, 'Warla', 40),
(2350, 'Banjh', 41),
(2351, 'Bhairabanath', 41),
(2352, 'Bhamchaur', 41),
(2353, 'Bhatekhola', 41),
(2354, 'Byasi', 41),
(2355, 'Chainpur', 41),
(2356, 'Chaudhari', 41),
(2357, 'Dahabagar', 41),
(2358, 'Dangaji', 41),
(2359, 'Dantola', 41),
(2360, 'Daulichaur', 41),
(2361, 'Deulek', 41),
(2362, 'Deulikot', 41),
(2363, 'Dhamena', 41),
(2364, 'Gadaraya', 41),
(2365, 'Hemantabada', 41),
(2366, 'Kadel', 41),
(2367, 'Kailash', 41),
(2368, 'Kalukheti', 41),
(2369, 'Kanda', 41),
(2370, 'Kaphalaseri', 41),
(2371, 'Khaptad National Par', 41),
(2372, 'Khiratadi', 41),
(2373, 'Koiralakot', 41),
(2374, 'Kotbhairab', 41),
(2375, 'Kotdewal', 41),
(2376, 'Lamatola', 41),
(2377, 'Lekhgau', 41),
(2378, 'Luyanta', 41),
(2379, 'Majhigau', 41),
(2380, 'Malumela', 41),
(2381, 'Mashdev', 41),
(2382, 'Matela', 41),
(2383, 'Maulali', 41),
(2384, 'Melbisauni', 41),
(2385, 'Parakatne', 41),
(2386, 'Patadewal', 41),
(2387, 'Pauwagadhi', 41),
(2388, 'Pipalkot', 41),
(2389, 'Rayal', 41),
(2390, 'Rilu', 41),
(2391, 'Rithapata', 41),
(2392, 'Sainpasela', 41),
(2393, 'Subeda', 41),
(2394, 'Sunikot', 41),
(2395, 'Sunkuda', 41),
(2396, 'Surma', 41),
(2397, 'Syandi', 41),
(2398, 'Atichaur', 42),
(2399, 'Baddhu', 42),
(2400, 'Bai', 42),
(2401, 'Barhabise', 42),
(2402, 'Bichhaiyan', 42),
(2403, 'Bramhatola', 42),
(2404, 'Budhiganga', 42),
(2405, 'Chhatara', 42),
(2406, 'Dahakot', 42),
(2407, 'Dogadi', 42),
(2408, 'Gotree', 42),
(2409, 'Gudukhati', 42),
(2410, 'Jagannath', 42),
(2411, 'Jayabageswori', 42),
(2412, 'Jugada', 42),
(2413, 'Jukot', 42),
(2414, 'Kailashmandau', 42),
(2415, 'Kanda', 42),
(2416, 'Khaptad National Par', 42),
(2417, 'Kolti', 42),
(2418, 'Kotila', 42),
(2419, 'Kuldeumadau', 42),
(2420, 'Manakot', 42),
(2421, 'Martadi', 42),
(2422, 'Pandusain', 42),
(2423, 'Rugin', 42),
(2424, 'Sapata', 42),
(2425, 'Tolidewal', 42),
(2426, 'BanjaKakani', 43),
(2427, 'Banlek', 43),
(2428, 'Barchhen', 43),
(2429, 'Basudevi', 43),
(2430, 'Bhumirajmadau', 43),
(2431, 'ChawaraChautara', 43),
(2432, 'Chhapali', 43),
(2433, 'Chhatiwan', 43),
(2434, 'Dahakalikasthan', 43),
(2435, 'Daud', 43),
(2436, 'Dhanglagau', 43),
(2437, 'Dhirkamandau', 43),
(2438, 'DipayalSilgadhi', 43),
(2439, 'Durgamadau', 43),
(2440, 'Gadasera', 43),
(2441, 'Gaguda', 43),
(2442, 'Gaihragau', 43),
(2443, 'Ganjari', 43),
(2444, 'Ghanteswor', 43),
(2445, 'Girichauka', 43),
(2446, 'Jijodamandau', 43),
(2447, 'Kadamadaun', 43),
(2448, 'Kalena', 43),
(2449, 'Kalikasthan', 43),
(2450, 'Kanachaur', 43),
(2451, 'Kapalleki', 43),
(2452, 'KedarAkhada', 43),
(2453, 'Khaptad National Par', 43),
(2454, 'Khatiwada', 43),
(2455, 'Khirsain', 43),
(2456, 'Ladagada', 43),
(2457, 'Lamikhal', 43),
(2458, 'LanaKedareswor', 43),
(2459, 'Latamandau', 43),
(2460, 'LaxmiNagar', 43),
(2461, 'Mahadevsthan', 43),
(2462, 'Mannakapadi', 43),
(2463, 'Mudabhara', 43),
(2464, 'Mudhegau', 43),
(2465, 'Nirauli', 43),
(2466, 'Pachanali', 43),
(2467, 'Pokhari', 43),
(2468, 'Ranagau', 43),
(2469, 'Sanagau', 43),
(2470, 'Saraswotinagar', 43),
(2471, 'Satphari', 43),
(2472, 'Simchaur', 43),
(2473, 'Tijali', 43),
(2474, 'Tikhatar', 43),
(2475, 'Toleni', 43),
(2476, 'Wagalek', 43),
(2477, 'Warpata', 43),
(2478, 'Baliya', 44),
(2479, 'Basauti', 44),
(2480, 'Beladevipur', 44),
(2481, 'Bhajani', 44),
(2482, 'Boniya', 44),
(2483, 'Chauha', 44),
(2484, 'Chaumala', 44),
(2485, 'Dansinhapur', 44),
(2486, 'Darakh', 44),
(2487, 'Dhangadhi', 44),
(2488, 'Dododhara', 44),
(2489, 'Durgauli', 44),
(2490, 'Gadariya', 44),
(2491, 'Geta', 44),
(2492, 'Godawari', 44),
(2493, 'Hasuliya', 44),
(2494, 'Janakinagar', 44),
(2495, 'Joshipur', 44),
(2496, 'Khailad', 44),
(2497, 'Khairala', 44),
(2498, 'KotaTulsipur', 44),
(2499, 'Lalbojhi', 44),
(2500, 'Malakheti', 44),
(2501, 'Masuriya', 44),
(2502, 'Mohanyal', 44),
(2503, 'Munuwa', 44),
(2504, 'Narayanpur', 44),
(2505, 'Nigali', 44),
(2506, 'Pahalmanpur', 44),
(2507, 'Pandaun', 44),
(2508, 'Pathariya', 44),
(2509, 'Pawera', 44),
(2510, 'Phulbari', 44),
(2511, 'Pratapapur', 44),
(2512, 'RamsikharJhala', 44),
(2513, 'Ratnapur', 44),
(2514, 'Sadepani', 44),
(2515, 'Sahajpur', 44),
(2516, 'Sreepur', 44),
(2517, 'Sugarkhal', 44),
(2518, 'Thapapur', 44),
(2519, 'Tikapur', 44),
(2520, 'Udasipur', 44),
(2521, 'Urma', 44),
(2522, 'Bageswari', 45),
(2523, 'Banakatawa', 45),
(2524, 'Banakatti', 45),
(2525, 'Basudevapur', 45),
(2526, 'Bejapur', 45),
(2527, 'Belahari', 45),
(2528, 'Belbhar', 45),
(2529, 'Betahani', 45),
(2530, 'Bhawaniyapur', 45),
(2531, 'Binauna', 45),
(2532, 'Chisapani', 45),
(2533, 'Ganapur', 45),
(2534, 'Gangapur', 45),
(2535, 'Hirminiya', 45),
(2536, 'Holiya', 45),
(2537, 'Indrapur', 45),
(2538, 'Jaispur', 45),
(2539, 'Kalaphanta', 45),
(2540, 'Kamdi', 45),
(2541, 'Kanchanapur', 45),
(2542, 'Kathkuiya', 45),
(2543, 'KhajuraKhurda', 45),
(2544, 'Khaskarkado', 45),
(2545, 'Khaskusma', 45),
(2546, 'Kohalpur', 45),
(2547, 'Laxmanpur', 45),
(2548, 'Mahadevpuri', 45),
(2549, 'Manikapur', 45),
(2550, 'Matahiya', 45),
(2551, 'Narainapur', 45),
(2552, 'Naubasta', 45),
(2553, 'Nepalgunj', 45),
(2554, 'Paraspur', 45),
(2555, 'Phatepur', 45),
(2556, 'Piparhawa', 45),
(2557, 'Puraina', 45),
(2558, 'Puraini', 45),
(2559, 'Radhapur', 45),
(2560, 'Rajhena', 45),
(2561, 'Raniyapur', 45),
(2562, 'Saigaun', 45),
(2563, 'Samserganj', 45),
(2564, 'Sitapur', 45),
(2565, 'Sonapur', 45),
(2566, 'Titihiriya', 45),
(2567, 'Udarapur', 45),
(2568, 'Udayapur', 45),
(2569, 'Badalpur', 46),
(2570, 'Baganaha', 46),
(2571, 'Baniyabhar', 46),
(2572, 'Belawa', 46),
(2573, 'Bhimapur', 46),
(2574, 'Daulatpur', 46),
(2575, 'Deudakala', 46),
(2576, 'Dhadhawar', 46),
(2577, 'Dhodhari', 46),
(2578, 'Gola', 46),
(2579, 'Gulariya', 46),
(2580, 'Jamuni', 46),
(2581, 'Kalika', 46),
(2582, 'KhairiChandanpur', 46),
(2583, 'Magaragadi', 46),
(2584, 'Mahamadpur', 46),
(2585, 'Manau', 46),
(2586, 'ManpurMainapokhar', 46),
(2587, 'Manpurtapara', 46),
(2588, 'Motipur', 46),
(2589, 'Nayagaun', 46),
(2590, 'Neulapur', 46),
(2591, 'Padanaha', 46),
(2592, 'PasupatiNagar', 46),
(2593, 'Patabhar', 46),
(2594, 'Rajapur', 46),
(2595, 'Royal Bardiya Nation', 46),
(2596, 'Sanashree', 46),
(2597, 'Sivapur', 46),
(2598, 'Sorhawa', 46),
(2599, 'Suryapatawa', 46),
(2600, 'Taratal', 46),
(2601, 'Thakudwara', 46),
(2602, 'Awal Parajul', 47),
(2603, 'Bada Khola', 47),
(2604, 'Badabhairab', 47),
(2605, 'Badalamji', 47),
(2606, 'Baluwatar', 47),
(2607, 'Bansi', 47),
(2608, 'Baraha', 47),
(2609, 'Belpata', 47),
(2610, 'Bhawani', 47),
(2611, 'Bindhyabasini', 47),
(2612, 'Bisalla', 47),
(2613, 'Chamunda', 47),
(2614, 'Chauratha', 47),
(2615, 'DadaParajul', 47),
(2616, 'Dullu', 47),
(2617, 'Gamaudi', 47),
(2618, 'Gauri', 47),
(2619, 'Goganpani', 47),
(2620, 'Jaganath', 47),
(2621, 'Jambukandh', 47),
(2622, 'KalBhairab', 47),
(2623, 'Kalika', 47),
(2624, 'Kasikandh', 47),
(2625, 'Katti', 47),
(2626, 'Khadkawada', 47),
(2627, 'Kharigera', 47),
(2628, 'Kusapani', 47),
(2629, 'Lakandra', 47),
(2630, 'Lakuri', 47),
(2631, 'Lalikanda', 47),
(2632, 'LyatiBindraseni', 47),
(2633, 'MairiKalikathum', 47),
(2634, 'Malika', 47),
(2635, 'Moheltolee', 47),
(2636, 'Narayan', 47),
(2637, 'NauleKatuwal', 47),
(2638, 'Nepa', 47),
(2639, 'Nomule', 47),
(2640, 'Odhari', 47),
(2641, 'Padukasthan', 47),
(2642, 'Pagnath', 47),
(2643, 'Piladi', 47),
(2644, 'Pipalkot', 47),
(2645, 'PusakotChiudi', 47),
(2646, 'RakamKarnali', 47),
(2647, 'Raniban', 47),
(2648, 'RawatKot', 47),
(2649, 'Room', 47),
(2650, 'Salleri', 47),
(2651, 'Santalla', 47),
(2652, 'Seri', 47),
(2653, 'Sigaudi', 47),
(2654, 'Sinhasain', 47),
(2655, 'Tilepata', 47),
(2656, 'Tolijaisi', 47),
(2657, 'Toli', 47),
(2658, 'Archhani', 48),
(2659, 'Bhagawatitol', 48),
(2660, 'Bhoor', 48),
(2661, 'Daha', 48),
(2662, 'Dandagaun', 48),
(2663, 'Dasera', 48),
(2664, 'Dhime', 48),
(2665, 'Garkhakot', 48),
(2666, 'Jagatipur', 48),
(2667, 'Jhapra', 48),
(2668, 'JungaThapachaur', 48),
(2669, 'Karkigaun', 48),
(2670, 'Khagenkot', 48),
(2671, 'Khalanga', 48),
(2672, 'Kortrang', 48),
(2673, 'Lahai', 48),
(2674, 'Majhakot', 48),
(2675, 'Nayakwada', 48),
(2676, 'Paink', 48),
(2677, 'Pajaru', 48),
(2678, 'Punama', 48),
(2679, 'Ragda', 48),
(2680, 'Ramidanda', 48),
(2681, 'Rokayagaun', 48),
(2682, 'Sakala', 48),
(2683, 'Salma', 48),
(2684, 'Sima', 48),
(2685, 'Suwanauli', 48),
(2686, 'Talegaun', 48),
(2687, 'ThalaRaikar', 48),
(2688, 'Agragaun', 49),
(2689, 'Awalching', 49),
(2690, 'Babiyachaur', 49),
(2691, 'Bajedichaur', 49),
(2692, 'Betan', 49),
(2693, 'Bidyapur', 49),
(2694, 'Bijaura', 49),
(2695, 'Birendranagar', 49),
(2696, 'Chapre', 49),
(2697, 'Chhinchu', 49),
(2698, 'Dahachaur', 49),
(2699, 'Dandakhali', 49),
(2700, 'Dasarathpur', 49),
(2701, 'Dharapani', 49),
(2702, 'GadiBayalkada', 49),
(2703, 'Garpan', 49),
(2704, 'GhatGaun', 49),
(2705, 'Ghoreta', 49),
(2706, 'Ghumkhahare', 49),
(2707, 'Gumi', 49),
(2708, 'Guthu', 49),
(2709, 'Hariharpur', 49),
(2710, 'Jarbuta', 49),
(2711, 'Kafalkot', 49),
(2712, 'Kalyan', 49),
(2713, 'Kaprichaur', 49),
(2714, 'Khanikholla', 49),
(2715, 'Kunathari', 49),
(2716, 'Lagaam', 49),
(2717, 'Latikoili', 49),
(2718, 'Lekhfarsa', 49),
(2719, 'Lekhgaun', 49),
(2720, 'Lekhparajul', 49),
(2721, 'Maintada', 49),
(2722, 'Malarani', 49),
(2723, 'Matela', 49),
(2724, 'Mehelkuna', 49),
(2725, 'Neta', 49),
(2726, 'Pamka', 49),
(2727, 'Pokharikanda', 49),
(2728, 'Rajena', 49),
(2729, 'Rakam', 49),
(2730, 'Ramghat', 49),
(2731, 'Ranibas', 49),
(2732, 'Ratu', 49),
(2733, 'Sahare', 49),
(2734, 'Salkot', 49),
(2735, 'Satakhani', 49),
(2736, 'Taranga', 49),
(2737, 'Tatopani', 49),
(2738, 'Uttarganga', 49),
(2739, 'Bhijer', 50),
(2740, 'Chharka', 50),
(2741, 'Dho', 50),
(2742, 'Dunai', 50),
(2743, 'Jufal', 50),
(2744, 'Kaigaun', 50),
(2745, 'Kalika', 50),
(2746, 'Lahai', 50),
(2747, 'Lawan', 50),
(2748, 'Likhu', 50),
(2749, 'Majhfal', 50),
(2750, 'Mukot', 50),
(2751, 'Narku', 50),
(2752, 'Pahada', 50),
(2753, 'Phoksundo', 50),
(2754, 'Raha', 50),
(2755, 'Rimi', 50),
(2756, 'Sahartara', 50),
(2757, 'Saldang', 50),
(2758, 'Sarmi', 50),
(2759, 'Suhun', 50),
(2760, 'Tinje', 50),
(2761, 'Tripurakot', 50),
(2762, 'Baraigaun', 51),
(2763, 'Bargaun', 51),
(2764, 'Chhipra', 51),
(2765, 'Dandafaya', 51),
(2766, 'Darma', 51),
(2767, 'Gothi', 51),
(2768, 'Hepka', 51),
(2769, 'Jair', 51),
(2770, 'Kalika', 51),
(2771, 'Khagalgaun', 51),
(2772, 'Kharpunath', 51),
(2773, 'Lali', 51),
(2774, 'Limi', 51),
(2775, 'Madana', 51),
(2776, 'Maila', 51),
(2777, 'Melchham', 51),
(2778, 'Mimi', 51),
(2779, 'Muchu', 51),
(2780, 'Raya', 51),
(2781, 'Rodikot', 51),
(2782, 'Sarkeedeu', 51),
(2783, 'Saya(Sama)', 51),
(2784, 'Shreemastha', 51),
(2785, 'ShreeNagar', 51),
(2786, 'Simikot', 51),
(2787, 'Syada', 51),
(2788, 'Thehe', 51),
(2789, 'Badki', 52),
(2790, 'Birat', 52),
(2791, 'Buvramadichaur', 52),
(2792, 'Chandannath', 52),
(2793, 'Chhumchaur', 52),
(2794, 'Depalgaun', 52),
(2795, 'Dhapa', 52),
(2796, 'Dillichaur', 52),
(2797, 'Garjyangkot', 52),
(2798, 'GhodeMahadev', 52),
(2799, 'Guthichaur', 52),
(2800, 'Haku', 52),
(2801, 'Kalika', 52),
(2802, 'Kanakasundari', 52),
(2803, 'Kartikswami', 52),
(2804, 'Kudari', 52),
(2805, 'Labhra', 52),
(2806, 'Lihi(Rara)', 52),
(2807, 'MahabePattharkhola', 52),
(2808, 'Mahatgaun', 52),
(2809, 'Malikabota', 52),
(2810, 'Malikathota', 52),
(2811, 'Narakot', 52),
(2812, 'Pandawagufa', 52),
(2813, 'Patarasi', 52),
(2814, 'Patmara', 52),
(2815, 'Shanigaun', 52),
(2816, 'Talium', 52),
(2817, 'Tamti', 52),
(2818, 'Tatopani', 52),
(2819, 'Badalkot', 53),
(2820, 'Chapre', 53),
(2821, 'Chilkhaya', 53),
(2822, 'Dah', 53),
(2823, 'Dholagoh', 53),
(2824, 'Gela', 53),
(2825, 'Jubika', 53),
(2826, 'Khin', 53),
(2827, 'Kotbada', 53),
(2828, 'Kumalgaun', 53),
(2829, 'Lalu', 53),
(2830, 'Malkot', 53),
(2831, 'Manma', 53),
(2832, 'Marta', 53),
(2833, 'Mehalmudi', 53),
(2834, 'Mugraha', 53),
(2835, 'Mumra', 53),
(2836, 'Nanikot', 53),
(2837, 'Odanku', 53),
(2838, 'Pakha', 53),
(2839, 'Phoi Mahadev', 53),
(2840, 'Phukot', 53),
(2841, 'Ramnakot', 53),
(2842, 'Ranchuli', 53),
(2843, 'Ranku', 53),
(2844, 'Rupsha', 53),
(2845, 'Sipkhana', 53),
(2846, 'Sukatiya', 53),
(2847, 'Syuna', 53),
(2848, 'Thirpu', 53),
(2849, 'Bhiyee', 54),
(2850, 'Dhainakot', 54),
(2851, 'Dolphu', 54),
(2852, 'Gumtha', 54),
(2853, 'Hyanglu', 54),
(2854, 'Jima', 54),
(2855, 'Karkibada', 54),
(2856, 'Khaumale', 54),
(2857, 'Kimari', 54),
(2858, 'Kotdanda', 54),
(2859, 'Mangri', 54),
(2860, 'Mugu', 54),
(2861, 'Natharpu', 54),
(2862, 'Photu', 54),
(2863, 'Pina', 54),
(2864, 'Pulu', 54),
(2865, 'Rara(Gilas)', 54),
(2866, 'RaraKalai', 54),
(2867, 'Rowa', 54),
(2868, 'Ruga', 54),
(2869, 'Seri', 54),
(2870, 'Shreekot', 54),
(2871, 'ShreeNagar', 54),
(2872, 'Sukhadhik', 54),
(2873, 'Baghmare', 55),
(2874, 'Bela', 55),
(2875, 'Bijauri', 55),
(2876, 'Chaulahi', 55),
(2877, 'Dhanauri', 55),
(2878, 'Dharna', 55),
(2879, 'Dhikpur', 55),
(2880, 'Duruwa', 55),
(2881, 'Gadhawa', 55),
(2882, 'Gangapraspur', 55),
(2883, 'Gobardiya', 55),
(2884, 'Goltakuri', 55),
(2885, 'Halwar', 55),
(2886, 'Hansipur', 55),
(2887, 'Hapur', 55),
(2888, 'Hekuli', 55),
(2889, 'Kabhre', 55),
(2890, 'Koilabas', 55),
(2891, 'Lalmatiya', 55),
(2892, 'Laxmipur', 55),
(2893, 'Loharpani', 55),
(2894, 'Manpur', 55),
(2895, 'Narayanpur', 55),
(2896, 'Panchakule', 55),
(2897, 'Pawannagar', 55),
(2898, 'Phulbari', 55),
(2899, 'Purandhara', 55),
(2900, 'Rajpur', 55),
(2901, 'Rampur', 55),
(2902, 'Saidha', 55),
(2903, 'Satbariya', 55),
(2904, 'Saudiyar', 55),
(2905, 'Shantinagar', 55),
(2906, 'Shreegaun', 55),
(2907, 'Sisahaniya', 55),
(2908, 'Sonpur', 55),
(2909, 'Syuja', 55),
(2910, 'Tarigaun', 55),
(2911, 'TribhuwanNagar', 55),
(2912, 'Tulsipur', 55),
(2913, 'Urahari', 55),
(2914, 'Arkha', 56),
(2915, 'Badikot', 56),
(2916, 'Bangesal', 56),
(2917, 'Baraula', 56),
(2918, 'Barjiwang', 56),
(2919, 'Belwaspur', 56),
(2920, 'Bhingri', 56),
(2921, 'Bijayanagar', 56),
(2922, 'Bijubar', 56),
(2923, 'Bijuli', 56),
(2924, 'Chuja', 56),
(2925, 'Dakhanwadi', 56),
(2926, 'Damri', 56),
(2927, 'Dangwang', 56),
(2928, 'Dharampani', 56),
(2929, 'Dharmawati', 56),
(2930, 'Dhobaghat(UdayapurKo', 56),
(2931, 'Dhuwang', 56),
(2932, 'Dungegadi', 56),
(2933, 'Gothiwang', 56),
(2934, 'Hansapur', 56),
(2935, 'Jumrikanda', 56),
(2936, 'Khaira', 56),
(2937, 'Khawang', 56),
(2938, 'Khung', 56),
(2939, 'Kochiwang', 56),
(2940, 'Ligha', 56),
(2941, 'Liwang', 56),
(2942, 'Lung', 56),
(2943, 'Majhakot', 56),
(2944, 'Maranthana', 56),
(2945, 'Markawang', 56),
(2946, 'Narikot', 56),
(2947, 'Nayagaun', 56),
(2948, 'Okharkot', 56),
(2949, 'Pakala', 56),
(2950, 'Phopli', 56),
(2951, 'Puja', 56),
(2952, 'PythanKhalanga', 56),
(2953, 'Rajbara', 56),
(2954, 'Ramdi', 56),
(2955, 'RuspurKot', 56),
(2956, 'Sari', 56),
(2957, 'Swargadwarikhal', 56),
(2958, 'Syauliwang', 56),
(2959, 'Tiram', 56),
(2960, 'Torwang', 56),
(2961, 'Tusara', 56),
(2962, 'Wangemarot', 56),
(2963, 'Aresh', 57),
(2964, 'Bhawang', 57),
(2965, 'Bhirul', 57),
(2966, 'Budagaun', 57),
(2967, 'Dhawang', 57),
(2968, 'Dubaring', 57),
(2969, 'Dubidanda', 57),
(2970, 'Eriwang', 57),
(2971, 'Fagaam', 57),
(2972, 'Gaam', 57),
(2973, 'Gairigaun', 57),
(2974, 'Gajul', 57),
(2975, 'Ghartigaun', 57),
(2976, 'Ghodagaun', 57),
(2977, 'Gumchal', 57),
(2978, 'Harjang', 57),
(2979, 'Jailwang', 57),
(2980, 'Jaimakasala', 57),
(2981, 'Jankot', 57),
(2982, 'JauliPokhari', 57),
(2983, 'Jedwang', 57),
(2984, 'Jhenam', 57),
(2985, 'Jinawang', 57),
(2986, 'Jungar', 57),
(2987, 'Kareti', 57),
(2988, 'Khumel', 57),
(2989, 'Khungri', 57),
(2990, 'Korchawang', 57),
(2991, 'Kotgaun', 57),
(2992, 'Kureli', 57),
(2993, 'Liwang', 57),
(2994, 'Masina', 57),
(2995, 'Mijhing', 57),
(2996, 'Nuwagaun', 57),
(2997, 'Pachhawang', 57),
(2998, 'Pakhapani', 57),
(2999, 'Pang', 57),
(3000, 'Rangkot', 57),
(3001, 'Rangsi', 57),
(3002, 'Rank', 57),
(3003, 'Sakhi', 57),
(3004, 'Seram', 57),
(3005, 'Sirpa', 57),
(3006, 'Siuri', 57),
(3007, 'Talawang', 57),
(3008, 'Tewang', 57),
(3009, 'Thawang', 57),
(3010, 'Uwa', 57),
(3011, 'Wadachaur', 57),
(3012, 'Whama', 57),
(3013, 'Wot', 57),
(3014, 'AathbisDanda', 58),
(3015, 'AathbisKot', 58),
(3016, 'Arma', 58),
(3017, 'Baflikot', 58),
(3018, 'Bhalakacha', 58),
(3019, 'Bijayshwari', 58),
(3020, 'Chhiwang', 58),
(3021, 'Chokhawang', 58),
(3022, 'Chunwang', 58),
(3023, 'Duli', 58),
(3024, 'Garayala', 58),
(3025, 'Gautamkot', 58),
(3026, 'Ghetma', 58),
(3027, 'Hukam', 58),
(3028, 'Jang', 58),
(3029, 'Jhula', 58),
(3030, 'Kanda', 58),
(3031, 'Kankri', 58),
(3032, 'Khara', 58),
(3033, 'Kholagaun', 58),
(3034, 'Kol', 58),
(3035, 'Kotjahari', 58),
(3036, 'Magma', 58),
(3037, 'Mahat', 58),
(3038, 'Morawang', 58),
(3039, 'Muru', 58),
(3040, 'MusikotKhalanga', 58),
(3041, 'Nuwakot', 58),
(3042, 'Pipal', 58),
(3043, 'Pokhara', 58),
(3044, 'Purtimkanda', 58),
(3045, 'Pwang', 58),
(3046, 'Pyaugha', 58),
(3047, 'Rangsi', 58),
(3048, 'Ranmamaikot', 58),
(3049, 'Rugha', 58),
(3050, 'Sankha', 58),
(3051, 'Simli', 58),
(3052, 'Sisne', 58),
(3053, 'Sobha', 58),
(3054, 'Syalagadi', 58),
(3055, 'Syalapakha', 58),
(3056, 'Taksera', 58),
(3057, 'Badagaun', 59),
(3058, 'Bafukhola', 59),
(3059, 'Bajhkanda', 59),
(3060, 'Bame', 59),
(3061, 'Bhalchaur', 59),
(3062, 'Chadekareni', 59),
(3063, 'Chhayachhetra', 59),
(3064, 'Damachaur', 59),
(3065, 'Dandagoun', 59),
(3066, 'Darmakot', 59),
(3067, 'Devsthal', 59),
(3068, 'Dhakadam', 59),
(3069, 'Dhanjaripipal', 59),
(3070, 'Dhanwang', 59),
(3071, 'Hiwalcha', 59),
(3072, 'Jimali', 59),
(3073, 'Kabhrechaur', 59),
(3074, 'Kajeri', 59),
(3075, 'Kalagaun', 59),
(3076, 'KalimatiKalche', 59),
(3077, 'KalimatiRampur', 59),
(3078, 'Karagithi', 59),
(3079, 'Kavra', 59),
(3080, 'Khalanga', 59),
(3081, 'Korbangjhimpe', 59),
(3082, 'Kotbara', 59),
(3083, 'Kotmola', 59),
(3084, 'Kubhindedaha', 59),
(3085, 'Laxmipur', 59),
(3086, 'Lekhpokhara', 59),
(3087, 'Majhkanda', 59),
(3088, 'Marke', 59),
(3089, 'Marmaparikanda', 59),
(3090, 'Mulkhola', 59),
(3091, 'Nigalchula', 59),
(3092, 'Phalawang', 59),
(3093, 'Pipalneta', 59),
(3094, 'Rim', 59),
(3095, 'SaijuwalTakura', 59),
(3096, 'SarpaniGarpa', 59),
(3097, 'Shivarath', 59),
(3098, 'Siddheswari', 59),
(3099, 'Sinbang', 59),
(3100, 'Suikot', 59),
(3101, 'Syanikhal', 59),
(3102, 'Tharmare', 59),
(3103, 'Tribeni', 59),
(3104, 'Akhikarichaur', 60),
(3105, 'Amalachaur', 60),
(3106, 'Amarbhumi', 60),
(3107, 'Andheri (Narayanstha', 60),
(3108, 'Argal', 60),
(3109, 'Arjewa', 60),
(3110, 'Batakachaur', 60),
(3111, 'Bhakunde', 60),
(3112, 'Bhimpokhara', 60),
(3113, 'Bhinggithe', 60),
(3114, 'Bihunkot', 60),
(3115, 'Binamare', 60),
(3116, 'Boharagaun', 60),
(3117, 'Bongadovan', 60),
(3118, 'Bowang', 60),
(3119, 'Burtiwang', 60),
(3120, 'Chhisti', 60),
(3121, 'Dagatundada', 60),
(3122, 'Damek', 60),
(3123, 'Darling', 60),
(3124, 'Devisthan', 60),
(3125, 'Dhamja', 60),
(3126, 'Dhudhilabhati', 60),
(3127, 'Dhullubaskot', 60),
(3128, 'DhulluGaidi', 60),
(3129, 'Gwalichaur', 60),
(3130, 'Harichaur', 60),
(3131, 'Hatiya', 60),
(3132, 'Heel', 60),
(3133, 'Hugdisheer', 60),
(3134, 'Jaljala', 60),
(3135, 'Kalika', 60),
(3136, 'Kandebas', 60),
(3137, 'Khunga', 60),
(3138, 'Kusmishera', 60),
(3139, 'Lekhani', 60),
(3140, 'Malikathota', 60),
(3141, 'Malma', 60),
(3142, 'Narethanti', 60),
(3143, 'Nisi', 60),
(3144, 'Paiyunpata', 60),
(3145, 'Paiyunthanthap', 60),
(3146, 'Palakot', 60),
(3147, 'Pandavkhani', 60),
(3148, 'Rajkut', 60),
(3149, 'Ranasinkiteni', 60),
(3150, 'Rangkhani', 60),
(3151, 'Rayadanda', 60),
(3152, 'Resh', 60),
(3153, 'Righa', 60),
(3154, 'Salyan', 60),
(3155, 'Sarkuwa', 60),
(3156, 'Singana', 60),
(3157, 'Sisakhani', 60),
(3158, 'Sukhaura', 60),
(3159, 'Sunkhani', 60),
(3160, 'Taman', 60),
(3161, 'Tangram', 60),
(3162, 'Tara', 60),
(3163, 'Tityang', 60),
(3164, 'Charang', 61),
(3165, 'Chhonhup', 61),
(3166, 'Chhoser', 61),
(3167, 'Chhusang', 61),
(3168, 'Dhami', 61),
(3169, 'Jhong', 61),
(3170, 'Jomsom', 61),
(3171, 'Kagbeni', 61),
(3172, 'Kowang', 61),
(3173, 'Kunjo', 61),
(3174, 'Lete', 61),
(3175, 'Lomanthang', 61),
(3176, 'Marpha', 61),
(3177, 'Muktinath', 61),
(3178, 'Surkhang', 61),
(3179, 'Tukuche', 61),
(3180, 'Arman', 62),
(3181, 'Arthunge', 62),
(3182, 'Babiyachaur', 62),
(3183, 'Bagarkhola', 62),
(3184, 'Baranja', 62),
(3185, 'Bhakilmi', 62),
(3186, 'Bima', 62),
(3187, 'Chimkhola', 62),
(3188, 'Dagnam', 62),
(3189, 'Dana', 62),
(3190, 'Darwang', 62),
(3191, 'Devisthan', 62),
(3192, 'Dhar', 62),
(3193, 'Dhatan', 62),
(3194, 'Dowa', 62),
(3195, 'GurjaKhani', 62),
(3196, 'HisthanMandali', 62),
(3197, 'Jhin', 62),
(3198, 'Jyamrukot', 62),
(3199, 'Kuhun', 62),
(3200, 'Kuinemangale', 62),
(3201, 'Lulang', 62),
(3202, 'Malkwang', 62),
(3203, 'Marang', 62),
(3204, 'Mudi', 62),
(3205, 'Muna', 62),
(3206, 'Narchyang', 62),
(3207, 'Niskot', 62),
(3208, 'Okharbot', 62),
(3209, 'Pakhapani', 62),
(3210, 'Patalekhet', 62),
(3211, 'Pulachaur', 62),
(3212, 'RakhuBhagawati', 62),
(3213, 'RakhuPiple', 62),
(3214, 'Ramche', 62),
(3215, 'Ratnechaur', 62),
(3216, 'Room', 62),
(3217, 'Shikha', 62),
(3218, 'Singa', 62),
(3219, 'Takam', 62),
(3220, 'Tatopani(Bhurung)', 62),
(3221, 'Arthar Dadakharka', 63),
(3222, 'Bachchha', 63),
(3223, 'Bahakithanti', 63),
(3224, 'Bajung', 63),
(3225, 'Balakot', 63),
(3226, 'Banou', 63),
(3227, 'Banskharka', 63),
(3228, 'Behulibans', 63),
(3229, 'Bhangara', 63),
(3230, 'Bhoksing', 63),
(3231, 'Bhorle', 63),
(3232, 'Bhuktangle', 63),
(3233, 'BihadiBarachaur', 63),
(3234, 'BihadiRanipani', 63),
(3235, 'BitalawaPipaltari', 63),
(3236, 'Chitre', 63),
(3237, 'Chuwa', 63),
(3238, 'Deupurkot', 63),
(3239, 'Deurali', 63),
(3240, 'Dhairing', 63),
(3241, 'Durlung', 63),
(3242, 'Falamkhani', 63),
(3243, 'FalebasDevisthan', 63),
(3244, 'FulebasKhanigaun', 63),
(3245, 'Hosrangdi', 63),
(3246, 'Huwas', 63),
(3247, 'Karkineta', 63),
(3248, 'Katuwachaupari', 63),
(3249, 'KhaulaLakuri', 63),
(3250, 'Khurkot', 63),
(3251, 'Kurgha', 63),
(3252, 'Kyang', 63),
(3253, 'Lekhfant', 63),
(3254, 'Limithana', 63),
(3255, 'LunkhuDeurali', 63),
(3256, 'MajhphantMallaj', 63),
(3257, 'Mudikuwa', 63),
(3258, 'Nagliwang', 63),
(3259, 'Pakhapani', 63),
(3260, 'Pakuwa', 63),
(3261, 'Pangrang', 63),
(3262, 'Pang', 63),
(3263, 'Ramjadeurali', 63),
(3264, 'Saligram', 63),
(3265, 'Salija', 63),
(3266, 'Saraukhola', 63),
(3267, 'ShankarPokhari', 63),
(3268, 'Shivalaya', 63),
(3269, 'Taklak', 63),
(3270, 'ThanaMaulo', 63),
(3271, 'Thapathana', 63),
(3272, 'Thulipokhari', 63),
(3273, 'Tilahar', 63),
(3274, 'Tribeni', 63),
(3275, 'Urampokhara', 63),
(3276, 'Aanppipal', 64),
(3277, 'AaruArbang', 64),
(3278, 'AaruChanuate', 64),
(3279, 'Aarupokhari', 64),
(3280, 'Asrang', 64),
(3281, 'Baguwa', 64),
(3282, 'Bakrang', 64),
(3283, 'Bhirkot', 64),
(3284, 'Bhumlichok', 64),
(3285, 'Bihi', 64),
(3286, 'Borlang', 64),
(3287, 'Bunkot', 64),
(3288, 'Chhaikampar', 64),
(3289, 'Chhoprak', 64),
(3290, 'Chumchet', 64),
(3291, 'Chyngli', 64),
(3292, 'Darbhung', 64),
(3293, 'Deurali', 64),
(3294, 'Dhawa', 64),
(3295, 'Dhuwakot', 64),
(3296, 'Finam', 64),
(3297, 'Fujel', 64),
(3298, 'Gaikhur', 64),
(3299, 'Gakhu', 64),
(3300, 'Ghairung', 64),
(3301, 'Ghyachok', 64),
(3302, 'Ghyalchok', 64),
(3303, 'Gumda', 64),
(3304, 'Hansapur', 64),
(3305, 'Harmhi', 64),
(3306, 'Jaubari', 64),
(3307, 'Kashigaun', 64),
(3308, 'Kerabari', 64),
(3309, 'Kerauja', 64),
(3310, 'Kharibot', 64),
(3311, 'Khoplang', 64),
(3312, 'Laprak', 64),
(3313, 'Lapu', 64),
(3314, 'Lho', 64),
(3315, 'Makaising', 64),
(3316, 'Manakamana', 64),
(3317, 'Manbu', 64),
(3318, 'Masel', 64),
(3319, 'Muchhok', 64),
(3320, 'Namjung', 64),
(3321, 'Nareshwor', 64),
(3322, 'Palumtar', 64),
(3323, 'Panchkhuwadeurali', 64),
(3324, 'Pandrung', 64),
(3325, 'Prithbinarayan', 64),
(3326, 'Prok', 64),
(3327, 'Samagaun', 64),
(3328, 'Saurpani', 64),
(3329, 'Shreenathkot', 64),
(3330, 'Simjung', 64),
(3331, 'Sirdibas', 64),
(3332, 'Swara', 64),
(3333, 'Taklung', 64),
(3334, 'Takukot', 64),
(3335, 'Takumajhalakuribot', 64),
(3336, 'Tandrang', 64),
(3337, 'Tanglichok', 64),
(3338, 'Taple', 64),
(3339, 'Thalajung', 64),
(3340, 'Thumi', 64),
(3341, 'Uhya', 64),
(3342, 'Warpak', 64),
(3343, 'ArbaVijaya', 65),
(3344, 'Armala', 65),
(3345, 'Bhachok', 65),
(3346, 'BhadaureTamagi', 65),
(3347, 'Bharatpokhari', 65),
(3348, 'Chapakot', 65),
(3349, 'Dangsing', 65),
(3350, 'Deurali', 65),
(3351, 'Dhampus', 65),
(3352, 'DhikurePokhari', 65),
(3353, 'Dhital', 65),
(3354, 'Ghachok', 65),
(3355, 'Ghandruk', 65),
(3356, 'Hansapur', 65),
(3357, 'Hemaja', 65),
(3358, 'Kahun', 65),
(3359, 'Kalika', 65),
(3360, 'Kaskikot', 65),
(3361, 'KritinachneChaur', 65),
(3362, 'Lahachok', 65),
(3363, 'Lamachaur', 65),
(3364, 'Lekhnath', 65),
(3365, 'Lumle', 65),
(3366, 'Lwangghale', 65),
(3367, 'Machhapuchchhre', 65),
(3368, 'Majhthana', 65),
(3369, 'Mauja', 65),
(3370, 'Mijuredada', 65),
(3371, 'Namarjung', 65),
(3372, 'Nirmalpokhari', 65),
(3373, 'Parche', 65),
(3374, 'Pokhara', 65),
(3375, 'Pumdibhumdi', 65),
(3376, 'Puranchaur', 65),
(3377, 'Reevan', 65),
(3378, 'Rupakot', 65),
(3379, 'Saimarang', 65),
(3380, 'Salyan', 65),
(3381, 'Sarangkot', 65),
(3382, 'Sardikhola', 65),
(3383, 'Siddha', 65),
(3384, 'Sildujure', 65),
(3385, 'Thumakodada', 65),
(3386, 'Thumki', 65),
(3387, 'Valam', 65),
(3388, 'Archalbot', 66),
(3389, 'Bahundanda', 66),
(3390, 'Bajhakhet', 66),
(3391, 'Balungpani', 66),
(3392, 'Bangre', 66),
(3393, 'Bansar', 66),
(3394, 'Besishahar', 66),
(3395, 'Bhalayakharka', 66),
(3396, 'Bharte', 66),
(3397, 'Bhoje', 66),
(3398, 'Bhorletar', 66),
(3399, 'Bhoteoodar', 66),
(3400, 'Bhujung', 66),
(3401, 'Bhulbhule', 66),
(3402, 'Bichaur', 66),
(3403, 'Chakratirtha', 66),
(3404, 'Chandisthan', 66),
(3405, 'Chandreshwor', 66),
(3406, 'Chiti', 66),
(3407, 'Dhamilikuwa', 66),
(3408, 'Dhodeni', 66),
(3409, 'Dhuseni', 66),
(3410, 'Dudhpokhari', 66),
(3411, 'Duradanda', 66),
(3412, 'Faleni', 66),
(3413, 'Gauda', 66),
(3414, 'Gaunshahar', 66),
(3415, 'Ghanpokhara', 66),
(3416, 'Ghermu', 66),
(3417, 'Gilunng', 66),
(3418, 'Hiletaksar', 66),
(3419, 'Ilampokhari', 66),
(3420, 'Isaneshwar', 66),
(3421, 'Jita', 66),
(3422, 'Karapu', 66),
(3423, 'Khudi', 66),
(3424, 'Kolki', 66),
(3425, 'Kunchha', 66),
(3426, 'Maling', 66),
(3427, 'Mohoriyakot', 66),
(3428, 'Nalma', 66),
(3429, 'Nauthar', 66),
(3430, 'Neta', 66),
(3431, 'Pachok', 66),
(3432, 'Parewadada', 66),
(3433, 'Pasagaun', 66),
(3434, 'Puranokot', 66),
(3435, 'Pyarjung', 66),
(3436, 'Ramgha', 66),
(3437, 'Samibhanjyang', 66),
(3438, 'ShreeBhanjyang', 66),
(3439, 'Simpani', 66),
(3440, 'Sindure', 66),
(3441, 'Sundarbazar', 66),
(3442, 'Suryapal', 66),
(3443, 'Taghring', 66),
(3444, 'Tandrang(Taksar)', 66),
(3445, 'Tarkughat', 66),
(3446, 'Tarku', 66),
(3447, 'Udipur', 66),
(3448, 'Uttarkanya', 66),
(3449, 'Bhraka', 67),
(3450, 'Chame', 67),
(3451, 'Dharapani', 67),
(3452, 'Fu', 67),
(3453, 'Ghyaru', 67),
(3454, 'Khangsar', 67),
(3455, 'Manang', 67),
(3456, 'Nar', 67),
(3457, 'Nyawal', 67),
(3458, 'Pisang', 67),
(3459, 'TachiBagarchhap', 67),
(3460, 'TankiManang', 67),
(3461, 'Thoche', 67),
(3462, 'Alamadevi', 68),
(3463, 'Arjun Chaupari', 68),
(3464, 'Aruchaur', 68),
(3465, 'Arukharka', 68),
(3466, 'Bagefatake', 68),
(3467, 'Bahakot', 68),
(3468, 'BenethokDeurali', 68),
(3469, 'Bhatkhola', 68),
(3470, 'Bicharichautara', 68),
(3471, 'BirghaArchale', 68),
(3472, 'BiruwaArchale', 68),
(3473, 'ChandiBhanjyang', 68),
(3474, 'Chapakot', 68),
(3475, 'Chhangchhangdi', 68),
(3476, 'Chilaunebas', 68),
(3477, 'Chinnebas', 68),
(3478, 'Chisapani(Magyam)', 68),
(3479, 'Chitrebhanjyang', 68),
(3480, 'DarsingDahathum', 68),
(3481, 'DhapukSimalBhanjyan', 68),
(3482, 'Faparthum', 68),
(3483, 'Fedikhola', 68),
(3484, 'Jagatbhanjyang', 68),
(3485, 'Jagatradevi', 68),
(3486, 'Kalikakot', 68),
(3487, 'Kaulmabarahachaur', 68),
(3488, 'KewareBhanjyang', 68),
(3489, 'Khilungdeurali', 68),
(3490, 'Kichnas', 68),
(3491, 'Kuwakot', 68),
(3492, 'Kyakmi', 68),
(3493, 'MajhakotSivalaya', 68),
(3494, 'Malunga', 68),
(3495, 'Malyangkot', 68),
(3496, 'Manakamana', 68),
(3497, 'Nibuwakharka', 68),
(3498, 'Oraste', 68),
(3499, 'Pakwadi', 68),
(3500, 'Panchamul', 68),
(3501, 'Pauwegaude', 68),
(3502, 'Pelakot', 68),
(3503, 'Pelkachaur', 68),
(3504, 'Pidikhola', 68),
(3505, 'Putalibazar', 68),
(3506, 'Rangvang', 68),
(3507, 'Rapakot', 68),
(3508, 'Ratnapur', 68),
(3509, 'Sakhar', 68),
(3510, 'SatauDarau', 68),
(3511, 'Sekham', 68),
(3512, 'Setidobhan', 68),
(3513, 'ShreekrishnaGandaki', 68),
(3514, 'Sirsekot', 68),
(3515, 'Sworek', 68),
(3516, 'Taksar', 68),
(3517, 'Thuladihi', 68),
(3518, 'Thumpokhara', 68),
(3519, 'Tindobate', 68),
(3520, 'Tulsibhanjyang', 68),
(3521, 'Waling', 68),
(3522, 'WangsingDeurali', 68),
(3523, 'Yaladi', 68),
(3524, 'Anbukhaireni', 69),
(3525, 'Arunodaya', 69),
(3526, 'Baidi', 69),
(3527, 'Bandipur', 69),
(3528, 'Barbhanjyang', 69),
(3529, 'Basantapur', 69),
(3530, 'Bhanumati', 69),
(3531, 'Bhanu', 69),
(3532, 'Bhimad', 69),
(3533, 'Bhirkot', 69),
(3534, 'Byas', 69),
(3535, 'Chhang', 69),
(3536, 'Chhimkeshwori', 69),
(3537, 'Chhipchhipe', 69),
(3538, 'ChokChisapani', 69),
(3539, 'Deurali', 69),
(3540, 'Devghat', 69),
(3541, 'Dharampani', 69),
(3542, 'Dhorfirdi', 69),
(3543, 'Dulegaunda', 69),
(3544, 'Firfire', 69),
(3545, 'Gajarkot', 69),
(3546, 'Ghansikuwa', 69),
(3547, 'JamuneBhanjyang', 69),
(3548, 'KahuShivapur', 69),
(3549, 'Keshavtar', 69),
(3550, 'Khairenitar', 69),
(3551, 'Kihun', 69),
(3552, 'Kota', 69),
(3553, 'Kotdarbar', 69),
(3554, 'Kyamin', 69),
(3555, 'Majhakot', 69),
(3556, 'Manpang', 69),
(3557, 'Pokharibhanjyang', 69),
(3558, 'Purkot', 69),
(3559, 'Raipur', 69),
(3560, 'Ramjakot', 69),
(3561, 'Ranipokhari(Resing)', 69),
(3562, 'Risti', 69),
(3563, 'Rupakot', 69),
(3564, 'Satiswara', 69),
(3565, 'ShambuBhagawatipur', 69),
(3566, 'Shymgha', 69),
(3567, 'Sundhara(Ghiring)', 69),
(3568, 'Tanahunsur', 69),
(3569, 'Thaprek', 69),
(3570, 'Virlung', 69),
(3571, 'Adguri', 70),
(3572, 'Arghatos', 70),
(3573, 'Argha', 70),
(3574, 'Asurkot', 70),
(3575, 'Balkot', 70),
(3576, 'Bangi', 70),
(3577, 'Bangla', 70),
(3578, 'Bhagawati', 70),
(3579, 'Chhatraganj', 70),
(3580, 'Chidika', 70),
(3581, 'Dhakawang', 70),
(3582, 'Dhanchaur', 70),
(3583, 'Dharapani', 70),
(3584, 'Dhatiwang', 70),
(3585, 'Dhikura', 70),
(3586, 'Dibharna', 70),
(3587, 'Gorkhunga', 70),
(3588, 'Hansapur', 70),
(3589, 'Jukena', 70),
(3590, 'Juluke', 70),
(3591, 'Keemadada', 70),
(3592, 'Kerunga', 70),
(3593, 'Khanchikot', 70),
(3594, 'Khandaha', 70),
(3595, 'Khan', 70),
(3596, 'Khidim', 70),
(3597, 'Khilji', 70),
(3598, 'Maidan', 70),
(3599, 'Mareng', 70),
(3600, 'Narapani', 70),
(3601, 'Nuwakot', 70),
(3602, 'Pali', 70),
(3603, 'Pathauti', 70),
(3604, 'Pathona', 70),
(3605, 'Pokharathok', 70),
(3606, 'Sandhikharka', 70),
(3607, 'Siddhara', 70),
(3608, 'Simalapani', 70),
(3609, 'Sitapur', 70),
(3610, 'Subarnakhal', 70),
(3611, 'Thada', 70),
(3612, 'Thulapokhara', 70),
(3613, 'Aaglung', 71),
(3614, 'AmarArbathok', 71),
(3615, 'Amarpur', 71),
(3616, 'Apchaur', 71),
(3617, 'Arbani', 71),
(3618, 'Arje', 71),
(3619, 'Arkhale', 71),
(3620, 'Arkhawang', 71),
(3621, 'Arlangkot', 71),
(3622, 'Aslewa', 71),
(3623, 'Badagaun', 71),
(3624, 'Bajhketeria', 71),
(3625, 'Baletaksar', 71),
(3626, 'Balithum', 71),
(3627, 'Bamgha', 71),
(3628, 'Bharse', 71),
(3629, 'Bhurtung', 71),
(3630, 'Birbas', 71),
(3631, 'Bisukharka', 71),
(3632, 'Chhapahile', 71),
(3633, 'Dalamchaur', 71),
(3634, 'Darbardevisthan', 71),
(3635, 'Darling', 71),
(3636, 'Daungha', 71),
(3637, 'Dhamir', 71),
(3638, 'DhurkotBastu', 71),
(3639, 'DhurkotBhanbhane', 71),
(3640, 'DhurkotNayagaun', 71),
(3641, 'DhurkotRajasthal', 71),
(3642, 'Digam', 71),
(3643, 'Dirbung', 71),
(3644, 'Dohali', 71),
(3645, 'Dubichaur', 71),
(3646, 'Foksing', 71),
(3647, 'Gaidakot', 71),
(3648, 'Gwadha', 71),
(3649, 'Gwadi', 71),
(3650, 'Hadahade', 71),
(3651, 'Hansara', 71),
(3652, 'Hardineta', 71),
(3653, 'Harewa', 71),
(3654, 'Harmichaur', 71),
(3655, 'Harrachaur', 71),
(3656, 'Hastichaur', 71),
(3657, 'Hawangdi', 71),
(3658, 'Hunga', 71),
(3659, 'IsmaRajasthal', 71),
(3660, 'JaisithokMandan', 71),
(3661, 'Jayakhani', 71),
(3662, 'Johang', 71),
(3663, 'Juniya', 71),
(3664, 'Juvung', 71),
(3665, 'Khadgakot', 71),
(3666, 'Kharjyang', 71),
(3667, 'Kurgha', 71),
(3668, 'Limgha', 71),
(3669, 'Malagiri', 71),
(3670, 'Marbhung', 71),
(3671, 'MusikotKhalanga', 71),
(3672, 'MyalPokhari', 71),
(3673, 'Neta', 71),
(3674, 'Pallikot', 71),
(3675, 'Paralmi', 71),
(3676, 'PauchhiAmarayee', 71),
(3677, 'Pipaldhara', 71),
(3678, 'PurkotDaha', 71),
(3679, 'Purtighat', 71),
(3680, 'Reemuwa', 71),
(3681, 'Rupakot', 71),
(3682, 'Ruru', 71),
(3683, 'Shantipur', 71),
(3684, 'Simichaur', 71),
(3685, 'Sirseni', 71),
(3686, 'Tamghas', 71),
(3687, 'Thanpati', 71),
(3688, 'Thulolumpek', 71),
(3689, 'Turang', 71),
(3690, 'Wagla', 71),
(3691, 'Wamitaksar', 71),
(3692, 'Abhirawa', 72),
(3693, 'Ajigara', 72),
(3694, 'Bahadurganj', 72),
(3695, 'Balaramwapur', 72),
(3696, 'Baluhawa', 72),
(3697, 'Banganga', 72),
(3698, 'Baraipur', 72),
(3699, 'Barakulpur', 72),
(3700, 'Basantapur', 72),
(3701, 'Baskhaur', 72),
(3702, 'Bedauli', 72),
(3703, 'Bhagwanpur', 72),
(3704, 'Bhalubari', 72),
(3705, 'Bijuwa', 72),
(3706, 'Birpur', 72),
(3707, 'Bishunpur', 72),
(3708, 'Bithuwa', 72),
(3709, 'Budhi', 72),
(3710, 'Chanai', 72),
(3711, 'Dhankauli', 72),
(3712, 'Dharmpaniya', 72),
(3713, 'Dohani', 72),
(3714, 'Dubiya', 72),
(3715, 'Dumara', 72),
(3716, 'Fulika', 72),
(3717, 'Gajehada', 72),
(3718, 'Ganeshpur', 72),
(3719, 'Gauri', 72),
(3720, 'Gotihawa', 72),
(3721, 'Gugauli', 72),
(3722, 'Haranampur', 72),
(3723, 'Harduona', 72),
(3724, 'Hariharpur', 72),
(3725, 'Hathausa', 72),
(3726, 'Hathihawa', 72),
(3727, 'Jahadi', 72),
(3728, 'Jawabhari', 72),
(3729, 'Jayanagar', 72),
(3730, 'Kajarhawa', 72),
(3731, 'Kapilbastu', 72),
(3732, 'Khurhuriya', 72),
(3733, 'Kopawa', 72),
(3734, 'KrishnaNagar', 72),
(3735, 'Kushhawa', 72),
(3736, 'Labani', 72),
(3737, 'Lalpur', 72),
(3738, 'Maharajganj', 72),
(3739, 'Mahendrakot', 72),
(3740, 'Mahuwa', 72),
(3741, 'Malwar', 72),
(3742, 'Manpur', 72),
(3743, 'Milmi', 72),
(3744, 'Motipur', 72),
(3745, 'Nandanagar', 72),
(3746, 'Nigalihawa', 72),
(3747, 'Pakadi', 72),
(3748, 'Parsohiya', 72),
(3749, 'Patariya', 72),
(3750, 'Patna', 72),
(3751, 'Patthardaihiya', 72),
(3752, 'Pipra', 72),
(3753, 'Purusottampur', 72),
(3754, 'Rajpur', 72),
(3755, 'Ramnagar', 72),
(3756, 'Rangapur', 72),
(3757, 'Sauraha', 72),
(3758, 'Shipanagar', 72),
(3759, 'Shivagadhi', 72),
(3760, 'Shivapur', 72),
(3761, 'Singhkhor', 72),
(3762, 'Sirsihawa', 72),
(3763, 'Sisawa', 72),
(3764, 'Somdiha', 72),
(3765, 'Thunhiya', 72),
(3766, 'Tilaurakot', 72),
(3767, 'Titirkhi', 72),
(3768, 'Udayapur', 72),
(3769, 'VidhyaNagar', 72),
(3770, 'Agryouli', 73),
(3771, 'Amarapuri', 73),
(3772, 'Amraut', 73),
(3773, 'Badahara Dubauliya', 73),
(3774, 'Baidauli', 73),
(3775, 'Banjariya', 73),
(3776, 'Benimanipur', 73),
(3777, 'Bharatipur', 73),
(3778, 'Bhujhawa', 73),
(3779, 'Bulingtar', 73),
(3780, 'DadajheriTadi', 73),
(3781, 'DawanneDevi', 73),
(3782, 'Dedgaun', 73),
(3783, 'Deurali', 73),
(3784, 'Devachuli', 73),
(3785, 'Devagawa', 73),
(3786, 'Dhaubadi', 73),
(3787, 'Dhurkot', 73),
(3788, 'Dibyapuri', 73),
(3789, 'Dumkibas', 73),
(3790, 'Gaidakot', 73),
(3791, 'Gairami', 73),
(3792, 'GuthiParsauni', 73),
(3793, 'GuthiSuryapura', 73),
(3794, 'Hakui', 73),
(3795, 'Harpur', 73),
(3796, 'Hupsekot', 73),
(3797, 'Jahada', 73),
(3798, 'Jamuniya', 73),
(3799, 'Jaubari', 73),
(3800, 'Kawaswoti', 73),
(3801, 'Kolhuwa', 73),
(3802, 'Kotathar', 73),
(3803, 'Kudiya', 73),
(3804, 'Kumarwarti', 73),
(3805, 'Kusma', 73),
(3806, 'Mainaghat', 73),
(3807, 'Makar', 73),
(3808, 'Manari', 73),
(3809, 'Mithukaram', 73),
(3810, 'Mukundapur', 73),
(3811, 'Naram', 73),
(3812, 'Narayani', 73),
(3813, 'Narsahi', 73),
(3814, 'NayaBelhani', 73),
(3815, 'Pakalihawa', 73),
(3816, 'Palhi', 73),
(3817, 'Panchanagar', 73),
(3818, 'Pithauli', 73),
(3819, 'Pragatinagar', 73),
(3820, 'Prasauni', 73),
(3821, 'Pratapapur', 73),
(3822, 'Rajahar', 73),
(3823, 'Rakachuli', 73),
(3824, 'Rakuwa', 73),
(3825, 'Ramgram', 73),
(3826, 'Ramnagar', 73),
(3827, 'Rampurkhadauna', 73),
(3828, 'Rampurkha', 73),
(3829, 'Ratanapur', 73),
(3830, 'Royal Chitawan Natio', 73),
(3831, 'Ruchang', 73),
(3832, 'Rupauliya', 73),
(3833, 'Sanai', 73),
(3834, 'Sarawal', 73),
(3835, 'Shivmandir', 73),
(3836, 'Somani', 73),
(3837, 'Sukrauli', 73),
(3838, 'Sunwal', 73),
(3839, 'Swathi', 73),
(3840, 'Tamasariya', 73),
(3841, 'ThuloKhairatawa', 73),
(3842, 'Tilakpur', 73),
(3843, 'Tribenisusta', 73),
(3844, 'UpalloArkhale', 73),
(3845, 'Archale', 74),
(3846, 'Argali', 74),
(3847, 'Bahadurpur', 74),
(3848, 'Baldengadhi', 74),
(3849, 'Bandipokhara', 74),
(3850, 'Barangdi', 74),
(3851, 'Bhairabsthan', 74),
(3852, 'Bhuwanpokhari', 74),
(3853, 'Birkot', 74),
(3854, 'BodhaPokharathok', 74),
(3855, 'Boudhagumba', 74),
(3856, 'Chappani', 74),
(3857, 'Chhahara', 74),
(3858, 'Chidipani', 74),
(3859, 'Chirtungdhara', 74),
(3860, 'Darchha', 74),
(3861, 'Darlamdanda', 74),
(3862, 'Deurali', 74),
(3863, 'Devinagar', 74),
(3864, 'Dobhan', 74),
(3865, 'Fek', 74),
(3866, 'Foksingkot', 74),
(3867, 'Gadakot', 74),
(3868, 'Galdha', 74),
(3869, 'Gejha', 74),
(3870, 'Gothadi', 74),
(3871, 'Haklang', 74),
(3872, 'Humin', 74),
(3873, 'Hungi', 74),
(3874, 'Jalpa', 74),
(3875, 'Jhadewa', 74),
(3876, 'Jhirubas', 74),
(3877, 'Juthapauwa', 74),
(3878, 'Jyamire', 74),
(3879, 'Kachal', 74),
(3880, 'Kaseni', 74),
(3881, 'Khaliban', 74),
(3882, 'Khanichhap', 74),
(3883, 'Khanigau', 74),
(3884, 'Khasyoli', 74),
(3885, 'Khyaha', 74),
(3886, 'Koldada', 74),
(3887, 'Kusumkhola', 74),
(3888, 'Madanpokhara', 74),
(3889, 'Masyam', 74),
(3890, 'Mityal', 74),
(3891, 'Mujhung', 74),
(3892, 'Nayarnamtales', 74),
(3893, 'Palungmainadi', 74),
(3894, 'Pipaldada', 74),
(3895, 'Pokharathok', 74),
(3896, 'Rahabas', 74),
(3897, 'Rampur', 74),
(3898, 'Ringneraha', 74),
(3899, 'Rupse', 74),
(3900, 'Sahalkot', 74),
(3901, 'Satyawati', 74),
(3902, 'Siddheswor', 74),
(3903, 'Siluwa', 74),
(3904, 'Somadi', 74),
(3905, 'Tahu', 74),
(3906, 'Tansen', 74),
(3907, 'Telgha', 74),
(3908, 'Timure', 74),
(3909, 'Wakamalang', 74),
(3910, 'Yamgha', 74),
(3911, 'Aama', 75),
(3912, 'Aanandaban', 75),
(3913, 'Amuwa', 75),
(3914, 'Asurena', 75),
(3915, 'Bagaha', 75),
(3916, 'Bagauli', 75),
(3917, 'Bairghat', 75),
(3918, 'Basantapur', 75),
(3919, 'Betakuiya', 75),
(3920, 'Bhaganpur', 75),
(3921, 'Bisunpura', 75),
(3922, 'Bodabar', 75),
(3923, 'Bogadi', 75),
(3924, 'Butawal', 75),
(3925, 'Chhipagada', 75),
(3926, 'ChhotakiRamnagar', 75),
(3927, 'Chilhiya', 75),
(3928, 'Dayanagar', 75),
(3929, 'Devadaha', 75),
(3930, 'Dhakadhai', 75),
(3931, 'Dhamauli', 75),
(3932, 'Dudharakchhe', 75),
(3933, 'Ekala', 75),
(3934, 'Farena', 75),
(3935, 'Gajedi', 75),
(3936, 'Gangoliya', 75),
(3937, 'Gonaha', 75),
(3938, 'Harnaiya', 75),
(3939, 'HatiBangai', 75),
(3940, 'HatiPharsatikar', 75),
(3941, 'Jogada', 75),
(3942, 'Kamahariya', 75),
(3943, 'Karahiya', 75),
(3944, 'Karauta', 75),
(3945, 'Kerbani', 75),
(3946, 'KhadawaBangai', 75),
(3947, 'Khudabagar', 75),
(3948, 'Lumbini Development', 75),
(3949, 'Lumbini', 75),
(3950, 'Madhbaliya', 75),
(3951, 'Madhuwani', 75),
(3952, 'Mainahiya', 75),
(3953, 'Majhagawa', 75),
(3954, 'Makrahar', 75),
(3955, 'ManMateriya', 75),
(3956, 'Manpakadi', 75),
(3957, 'Maryadpur', 75),
(3958, 'Masina', 75),
(3959, 'Motipur', 75),
(3960, 'Padsari', 75),
(3961, 'Pajarkatti', 75),
(3962, 'PakadiSakron', 75),
(3963, 'Parroha', 75),
(3964, 'Patekhouli', 75),
(3965, 'Pokharvindi', 75),
(3966, 'Rayapur', 75),
(3967, 'Roinihawa', 75),
(3968, 'Rudrapur', 75),
(3969, 'Sadi', 75),
(3970, 'Saljhundi', 75),
(3971, 'SameraMarchwar', 75),
(3972, 'Semalar', 75),
(3973, 'Shankarnagar', 75),
(3974, 'SiddharthNagar', 75),
(3975, 'Sikatahan', 75),
(3976, 'Silautiya', 75),
(3977, 'Sipawa', 75),
(3978, 'SourahaPharsatikar', 75),
(3979, 'Suryapura', 75),
(3980, 'Tenuhawa', 75),
(3981, 'ThumhawaPiprahawa', 75),
(3982, 'Tikuligadh', 75);

-- --------------------------------------------------------

--
-- Table structure for table `contact`
--

CREATE TABLE IF NOT EXISTS `contact` (
  `id` bigint(20) NOT NULL AUTO_INCREMENT,
  `contact_number1` varchar(255) NOT NULL,
  `contact_number2` varchar(255) DEFAULT NULL,
  `email_id` varchar(255) NOT NULL,
  `fax` varchar(255) DEFAULT NULL,
  `website` varchar(255) DEFAULT NULL,
  PRIMARY KEY (`id`)
) ENGINE=MyISAM  DEFAULT CHARSET=latin1 AUTO_INCREMENT=38 ;

--
-- Dumping data for table `contact`
--

INSERT INTO `contact` (`id`, `contact_number1`, `contact_number2`, `email_id`, `fax`, `website`) VALUES
(2, '9843256321', '9801254125', 'birhospital@gmail.com', '14521456', 'www.birhospital.com'),
(3, '9845812542', '9584621452', 'manmohan@gmail.com', 'abc', 'www.manmohan.com'),
(4, '9854854125', '9854612541', 'bluecross@gmail.com', '14253', 'www.bluecross.com'),
(5, '9854852115', '9854214526', 'bnb@gmail.com', '475', 'www.bnb.com'),
(6, '9854857812', '9856321452', 'chest@gmail.com', '14526', 'www.chesthospital.com'),
(7, '9854812455', '9854851452', 'chetrapati@gmail.com', '124578', 'www.chetrapati.com'),
(8, '9854512536', '985425142', 'norvic@gmail.com', '1245', 'www.norvic.com'),
(9, '9856485412', '9855624512', 'tilganga@gmail.com', '1425', 'www.tilganga.com'),
(10, '9854812542', '9856425125', 'ram@gmail.com', NULL, NULL),
(11, '9482512452', '9856321452', 'sanj_eev94@yahoo.com', NULL, NULL),
(12, '9854812542', '9856425125', 'shyam@gmail.com', NULL, NULL),
(13, '9854812542', '9854125426', 'anil@gmail.com', NULL, NULL),
(14, '9854821526', '9483625128', 'timilamunikar@gmail.com', NULL, NULL),
(15, '9843521452', '9821524562', 'mahesh@yahoo.com', NULL, NULL),
(16, '9854851254', '965864515', 'shriyanka@gmail.com', NULL, NULL),
(17, '5245152625', '5261452625', 'sujina@gmail.com', NULL, NULL),
(18, '1245125263', '1524512536', 'hari@gmail.com', NULL, NULL),
(19, '5421542135', '3213545321', 'shyam@gmail.com', NULL, NULL),
(20, '2154215421', '215421545', 'skdjfksd@gmail.com', NULL, NULL),
(21, '5421542154', '5421542154', 'timilamunikar@gmail.com', NULL, NULL),
(22, '2564215454', '5454545454', 'shyam@gmail.com', NULL, NULL),
(23, '2315421545', '4554545484', 'skdjfksd@gmail.com', NULL, NULL),
(24, '9854812542', '9856425125', 'shyam@gmail.com', NULL, NULL),
(25, '3354542121', '9856425125', 'shyam@gmail.com', NULL, NULL),
(26, '9854812542', '9856425125', 'shyam@gmail.com', NULL, NULL),
(27, '9854812542', '9856425125', 'shyam@gmail.com', NULL, NULL),
(28, '9854812542', '9856425125', 'shyam@gmail.com', NULL, NULL),
(29, '2112121212', '9856425125', 'shyam@gmail.com', NULL, NULL),
(30, '9854812542', '9856425125', 'shyam@gmail.com', NULL, NULL),
(31, '9854812542', '9856425125', 'shyam@gmail.com', NULL, NULL),
(32, '9854812542', '9856425125', 'shyam@gmail.com', NULL, NULL),
(33, '9851173592', '015530765', 'zamnegoy@gmail.com', NULL, NULL),
(34, '1444444111', '9999999999', '99@hotmail.com', NULL, '99'),
(35, '9888888888', NULL, 'kakashighising@gmail.com', NULL, NULL),
(36, '1111111111', '7777777777', '222jhj@gmail.com', NULL, NULL),
(37, '7777777777', '2222222222', 'hhggg@gmail.com', NULL, NULL);

-- --------------------------------------------------------

--
-- Table structure for table `country`
--

CREATE TABLE IF NOT EXISTS `country` (
  `id` bigint(20) NOT NULL AUTO_INCREMENT,
  `name` varchar(255) NOT NULL,
  PRIMARY KEY (`id`)
) ENGINE=MyISAM  DEFAULT CHARSET=latin1 AUTO_INCREMENT=2 ;

--
-- Dumping data for table `country`
--

INSERT INTO `country` (`id`, `name`) VALUES
(1, 'Nepal');

-- --------------------------------------------------------

--
-- Table structure for table `days`
--

CREATE TABLE IF NOT EXISTS `days` (
  `id` bigint(20) NOT NULL AUTO_INCREMENT,
  `day` varchar(255) DEFAULT NULL,
  PRIMARY KEY (`id`)
) ENGINE=MyISAM  DEFAULT CHARSET=latin1 AUTO_INCREMENT=8 ;

--
-- Dumping data for table `days`
--

INSERT INTO `days` (`id`, `day`) VALUES
(1, 'Tuesday'),
(2, 'Monday'),
(3, 'Wednesday'),
(4, 'Friday'),
(5, 'Thursday'),
(6, 'Saturday'),
(7, 'Sunday');

-- --------------------------------------------------------

--
-- Table structure for table `district`
--

CREATE TABLE IF NOT EXISTS `district` (
  `id` bigint(20) NOT NULL AUTO_INCREMENT,
  `name` varchar(255) NOT NULL,
  `zone_id` bigint(20) DEFAULT NULL,
  PRIMARY KEY (`id`),
  KEY `FKbkoa1c53gxhqn918tmpkvtjey` (`zone_id`)
) ENGINE=MyISAM  DEFAULT CHARSET=latin1 AUTO_INCREMENT=76 ;

--
-- Dumping data for table `district`
--

INSERT INTO `district` (`id`, `name`, `zone_id`) VALUES
(1, 'Bhaktapur', 1),
(2, 'Dhading', 1),
(3, 'Kathmandu', 1),
(4, 'Kavrepalanchok', 1),
(5, 'Lalitpur', 1),
(6, 'Nuwakot', 1),
(7, 'Rasuwa', 1),
(8, 'Sindhupalchok', 1),
(9, 'Dhanusa', 2),
(10, 'Dolakha', 2),
(11, 'Mahottari', 2),
(12, 'Ramechhap', 2),
(13, 'Sarlahi', 2),
(14, 'Sindhuli', 2),
(15, 'Bara', 3),
(16, 'Chitawan', 3),
(17, 'Makwanpur', 3),
(18, 'Parsa', 3),
(19, 'Rautahat', 3),
(20, 'Bhojpur', 4),
(21, 'Dhankuta', 4),
(22, 'Morang', 4),
(23, 'Sankhuwasabha', 4),
(24, 'Sunsari', 4),
(25, 'Terhathum', 4),
(26, 'Ilam', 5),
(27, 'Jhapa', 5),
(28, 'Panchthar', 5),
(29, 'Taplejung', 5),
(30, 'Khotang', 6),
(31, 'Okhaldhunga', 6),
(32, 'Saptari', 6),
(33, 'Siraha', 6),
(34, 'Solukhumbu', 6),
(35, 'Udayapur', 6),
(36, 'Baitadi', 7),
(37, 'Dadeldhura', 7),
(38, 'Darchula', 7),
(39, 'Kanchanpur', 7),
(40, 'Achham', 8),
(41, 'Bajhang', 8),
(42, 'Bajura', 8),
(43, 'Doti', 8),
(44, 'Kailali', 8),
(45, 'Banke', 9),
(46, 'Bardiya', 9),
(47, 'Dailekh', 9),
(48, 'Jajarkot', 9),
(49, 'Surkhet', 9),
(50, 'Dolpa', 10),
(51, 'Humla', 10),
(52, 'Jumla', 10),
(53, 'Kalikot', 10),
(54, 'Mugu', 10),
(55, 'Dang', 11),
(56, 'Pyuthan', 11),
(57, 'Rolpa', 11),
(58, 'Rukum', 11),
(59, 'Salyan', 11),
(60, 'Baglung', 12),
(61, 'Mustang', 12),
(62, 'Myagdi', 12),
(63, 'Parbat', 12),
(64, 'Gorkha', 13),
(65, 'Kaski', 13),
(66, 'Lamjung', 13),
(67, 'Manang', 13),
(68, 'Syangja', 13),
(69, 'Tanahu', 13),
(70, 'Arghakhanchi', 14),
(71, 'Gulmi', 14),
(72, 'Kapilbastu', 14),
(73, 'Nawalparasi', 14),
(74, 'Palpa', 14),
(75, 'Rupandehi', 14);

-- --------------------------------------------------------

--
-- Table structure for table `doctor`
--

CREATE TABLE IF NOT EXISTS `doctor` (
  `id` bigint(20) NOT NULL AUTO_INCREMENT,
  `details` varchar(255) DEFAULT NULL,
  `gender` varchar(255) NOT NULL,
  `name` varchar(255) NOT NULL,
  `nmc_number` int(11) NOT NULL,
  `photo` varchar(255) NOT NULL,
  `contact_id` bigint(20) NOT NULL,
  `qualification_id` bigint(20) NOT NULL,
  `speciality_id` bigint(20) NOT NULL,
  PRIMARY KEY (`id`),
  KEY `FK7fpheyyjho6jhlxgj3auvinwo` (`contact_id`),
  KEY `FKcemy51nqaye682hxr5w6r8e5n` (`qualification_id`),
  KEY `FKdht1k3ou6ody790hip20bl9dx` (`speciality_id`)
) ENGINE=MyISAM  DEFAULT CHARSET=latin1 AUTO_INCREMENT=27 ;

--
-- Dumping data for table `doctor`
--

INSERT INTO `doctor` (`id`, `details`, `gender`, `name`, `nmc_number`, `photo`, `contact_id`, `qualification_id`, `speciality_id`) VALUES
(1, 'I AM A DOCTOR.', 'male', 'Ram Bahadur mali', 12, 'doctor.png', 10, 1, 1),
(2, 'this is my detail', 'male', 'Sanjib Maharjan', 1, 'doctor-7257.jpg', 11, 29, 1),
(3, 'details of shyam', 'male', 'Shyam Man Singh', 2, 'doctor.png', 12, 29, 1),
(4, 'anil''s details', 'male', 'Anil Maharjan', 4, 'anil.jpg', 13, 28, 2),
(5, 'timila details', 'female', 'Timila Munikar', 6, 'doctor-43621.jpg', 14, 15, 5),
(6, 'mahesh''s details', 'male', 'Mahesh Maharjan', 7, 'doctor-13964.jpg', 15, 23, 6),
(7, 'shreeyanka details', 'female', 'Shriyanka Nakarmi', 3, 'doctor-30045.jpg', 16, 15, 16),
(8, 'hello !!', 'female', 'sujina prajapati', 500, 'doctor.png', 17, 28, 2),
(9, 'hello from hari', 'male', 'Hari bahadur', 501, 'doctor.png', 18, 25, 3),
(20, 'this is 20', 'male', 'Sabin Maharjan', 520, 'doctor-11244.jpg', 29, 28, 1),
(24, 'He is the hero of the nation', 'male', 'Kakashi Ghising', 4218, 'doctor.png', 35, 1, 1),
(25, 'luiahhkjhalkjhkjah', 'male', 'ramnepal', 7849, 'doctor.png', 36, 4, 3),
(26, 'vhgjfgdsryddxfgvhjbm', 'male', 'nepal', 1112, 'doctor.png', 37, 17, 2);

-- --------------------------------------------------------

--
-- Table structure for table `doctor_schedules`
--

CREATE TABLE IF NOT EXISTS `doctor_schedules` (
  `doctor_id` bigint(20) NOT NULL,
  `schedules_id` bigint(20) NOT NULL,
  KEY `FKl86eqsflna991mqklnjdu459n` (`schedules_id`),
  KEY `FKh8492aw4t30m9v2cbcone3qyn` (`doctor_id`)
) ENGINE=MyISAM DEFAULT CHARSET=latin1;

--
-- Dumping data for table `doctor_schedules`
--

INSERT INTO `doctor_schedules` (`doctor_id`, `schedules_id`) VALUES
(2, 29),
(2, 28),
(2, 30),
(2, 31),
(20, 32),
(5, 33);

-- --------------------------------------------------------

--
-- Table structure for table `event`
--

CREATE TABLE IF NOT EXISTS `event` (
  `id` bigint(20) NOT NULL AUTO_INCREMENT,
  `dates` date DEFAULT NULL,
  `description` longtext,
  `location` varchar(255) DEFAULT NULL,
  `name` varchar(255) DEFAULT NULL,
  `photo` varchar(255) DEFAULT NULL,
  `time` varchar(255) DEFAULT NULL,
  `hospital_id` bigint(20) DEFAULT NULL,
  PRIMARY KEY (`id`),
  KEY `FKsk8bi989999vae6hvcoiqgbu5` (`hospital_id`)
) ENGINE=MyISAM  DEFAULT CHARSET=latin1 AUTO_INCREMENT=11 ;

--
-- Dumping data for table `event`
--

INSERT INTO `event` (`id`, `dates`, `description`, `location`, `name`, `photo`, `time`, `hospital_id`) VALUES
(1, '2017-12-12', 'This is free health camp. Anyone can come for checkup', 'Nepa Banquet', 'Free health camp', NULL, '7:00-8:00', 2),
(2, '2017-12-12', 'Every person should donate blood', 'Soyambu', 'Blood donation', NULL, '8:00-9:00', 2),
(3, '2017-12-12', 'this is blood donation program, please come and donate your blood.', 'khusibu', ' blood donation', NULL, '10:00-11:00', 2),
(4, '2017-11-11', 'blood donation please visit\n', 'dallu', 'second blood donation', NULL, '12:00-4:00', 4),
(5, '2017-10-30', 'this is hawa post', 'nepal', 'Nothing', NULL, 'hajhajghg', 4),
(6, '2017-10-31', 'Every One do visit the Testing Event', 'Kaushaltar', 'Testing  Title', NULL, 'thaa xaina ', 4),
(7, '2017-10-14', 'ljlj', 'jlkjkj', 'gg', NULL, 'hhjh', 4),
(8, '2017-10-19', '`sdjfalkj', 'asjflklaj', 'fjahjfha', NULL, 'jlfka', 4),
(9, '2019-04-13', 'fghcc', 'vccvv', 'cggf', NULL, 'android.support.v7.widget.AppCompatEditText{41f81820 VFED..CL ........ 0,0-420,64}-android.support.v7.widget.AppCompatEditText{421234c0 VFED..CL ........ 0,0-420,64}', 4),
(10, '2020-04-15', 'gff', 'hgff', 'hfdffg', NULL, 'android.support.v7.widget.AppCompatEditText{5c21f78 V.ED..CL. ........ 0,0-420,81 #7f0d008d app:id/start_time_edittext}-android.support.v7.widget.AppCompatEditText{80e2651 V.ED..CL. ........ 0,0-420,81 #7f0d008f app:id/end_time_edittext}', 4);

-- --------------------------------------------------------

--
-- Table structure for table `hospital`
--

CREATE TABLE IF NOT EXISTS `hospital` (
  `id` bigint(20) NOT NULL AUTO_INCREMENT,
  `lisence_no` varchar(255) NOT NULL,
  `name` varchar(255) NOT NULL,
  `registration_no` varchar(255) NOT NULL,
  `address_id` bigint(20) NOT NULL,
  `contact_id` bigint(20) NOT NULL,
  PRIMARY KEY (`id`),
  KEY `FKsn8phpkxt2ywxycwicbybshun` (`address_id`),
  KEY `FKgfr7hbe3010yi20cpac78yr4k` (`contact_id`)
) ENGINE=MyISAM  DEFAULT CHARSET=latin1 AUTO_INCREMENT=12 ;

--
-- Dumping data for table `hospital`
--

INSERT INTO `hospital` (`id`, `lisence_no`, `name`, `registration_no`, `address_id`, `contact_id`) VALUES
(2, '12452612', 'Bir Hospital', '12541526', 2, 2),
(3, '125412', 'Man Mohan Hospital', '152451', 3, 3),
(4, '142512', 'Blue Cross Hospital', '152452', 4, 4),
(5, '145214', 'B & B Hospital', '145214', 5, 5),
(6, '145452', 'Chest Hospital', '15215', 6, 6),
(7, '1221542121', 'Chhetrapati Free Hospital', '54216', 7, 7),
(8, '1245', 'Norvic International Hospital', '2356', 8, 8),
(9, '1221211', 'Tilganga Institute of Ophthalmology', '549856', 9, 9),
(10, '12345', 'nidan', '12', 10, 33),
(11, '011111', 'samudayak', '01', 11, 34);

-- --------------------------------------------------------

--
-- Table structure for table `hospital_doctor`
--

CREATE TABLE IF NOT EXISTS `hospital_doctor` (
  `id` bigint(20) NOT NULL AUTO_INCREMENT,
  `doctor_id` bigint(20) DEFAULT NULL,
  `hospital_id` bigint(20) DEFAULT NULL,
  `status_id` bigint(20) DEFAULT NULL,
  PRIMARY KEY (`id`),
  KEY `FK5yet2ud0dq04wa0g571tl2t9d` (`doctor_id`),
  KEY `FKgrna9v9iqy7xc03ytulps36x5` (`hospital_id`),
  KEY `FK265e9a6dgihkcjcdt114u669m` (`status_id`)
) ENGINE=MyISAM  DEFAULT CHARSET=latin1 AUTO_INCREMENT=28 ;

--
-- Dumping data for table `hospital_doctor`
--

INSERT INTO `hospital_doctor` (`id`, `doctor_id`, `hospital_id`, `status_id`) VALUES
(1, 1, 2, 2),
(2, 2, 2, 2),
(3, 3, 2, 2),
(4, 4, 2, 2),
(5, 2, 4, 1),
(6, 5, 4, 1),
(7, 6, 4, 2),
(8, 7, 4, 2),
(9, 8, 4, 2),
(21, 20, 4, 2),
(25, 24, 4, 2),
(26, 25, 4, 2),
(27, 26, 4, 2);

-- --------------------------------------------------------

--
-- Table structure for table `hospital_schedules`
--

CREATE TABLE IF NOT EXISTS `hospital_schedules` (
  `hospital_id` bigint(20) NOT NULL,
  `schedules_id` bigint(20) NOT NULL,
  KEY `FKmviu8juxn7fircqabjvaft9md` (`schedules_id`),
  KEY `FK776rf90pv1jgx97mwomt2yo6o` (`hospital_id`)
) ENGINE=MyISAM DEFAULT CHARSET=latin1;

--
-- Dumping data for table `hospital_schedules`
--

INSERT INTO `hospital_schedules` (`hospital_id`, `schedules_id`) VALUES
(2, 30),
(4, 32),
(4, 29),
(2, 31),
(4, 28),
(4, 33);

-- --------------------------------------------------------

--
-- Table structure for table `hospital_user`
--

CREATE TABLE IF NOT EXISTS `hospital_user` (
  `id` bigint(20) NOT NULL AUTO_INCREMENT,
  `hospital_id` bigint(20) DEFAULT NULL,
  `user_id` bigint(20) DEFAULT NULL,
  PRIMARY KEY (`id`),
  KEY `FK6vulw5fhdmfajg4ce0dg95rjr` (`hospital_id`),
  KEY `FKgrtoa6ly2xtg1fbtwa2pkhg3r` (`user_id`)
) ENGINE=MyISAM  DEFAULT CHARSET=latin1 AUTO_INCREMENT=12 ;

--
-- Dumping data for table `hospital_user`
--

INSERT INTO `hospital_user` (`id`, `hospital_id`, `user_id`) VALUES
(2, 2, 2),
(3, 3, 3),
(4, 4, 4),
(5, 5, 5),
(6, 6, 6),
(7, 7, 7),
(8, 8, 8),
(9, 9, 9),
(10, 10, 10),
(11, 11, 11);

-- --------------------------------------------------------

--
-- Table structure for table `qualification`
--

CREATE TABLE IF NOT EXISTS `qualification` (
  `id` bigint(20) NOT NULL AUTO_INCREMENT,
  `name` varchar(255) DEFAULT NULL,
  PRIMARY KEY (`id`)
) ENGINE=MyISAM  DEFAULT CHARSET=latin1 AUTO_INCREMENT=41 ;

--
-- Dumping data for table `qualification`
--

INSERT INTO `qualification` (`id`, `name`) VALUES
(29, ' MRC Ophth.'),
(28, ' DO'),
(26, ' DGO'),
(25, ' FRCS'),
(24, ' MS '),
(23, ' MD'),
(22, ' IMU'),
(19, ' M.Phil'),
(18, ' DCP'),
(17, 'B.D.S'),
(16, ' F.C.P.S'),
(15, ' DMRD'),
(12, 'M.P.P.S'),
(11, 'B.S.P.T'),
(10, 'DOMS'),
(8, 'MCPS'),
(7, 'FACP'),
(6, 'DTCD'),
(5, 'FAO'),
(4, 'FCPS'),
(2, 'MPH'),
(1, 'MBBS');

-- --------------------------------------------------------

--
-- Table structure for table `schedule`
--

CREATE TABLE IF NOT EXISTS `schedule` (
  `id` bigint(20) NOT NULL AUTO_INCREMENT,
  `end_time` time DEFAULT NULL,
  `start_time` time DEFAULT NULL,
  `days_id` bigint(20) DEFAULT NULL,
  PRIMARY KEY (`id`),
  KEY `FKmi9b7qx0y2qe5r1d4y4id509q` (`days_id`)
) ENGINE=MyISAM  DEFAULT CHARSET=latin1 AUTO_INCREMENT=34 ;

--
-- Dumping data for table `schedule`
--

INSERT INTO `schedule` (`id`, `end_time`, `start_time`, `days_id`) VALUES
(30, '11:00:00', '10:00:00', 2),
(29, '14:00:00', '13:00:00', 2),
(28, '13:00:00', '00:00:00', 7),
(31, '20:00:00', '18:00:00', 7),
(32, '10:00:00', '09:00:00', 7),
(33, '11:00:00', '10:00:00', 7);

-- --------------------------------------------------------

--
-- Table structure for table `session`
--

CREATE TABLE IF NOT EXISTS `session` (
  `token` varchar(255) NOT NULL,
  `hospital_id` bigint(20) DEFAULT NULL,
  `user_id` bigint(20) DEFAULT NULL,
  `user_type` int(11) NOT NULL,
  `username` varchar(255) DEFAULT NULL,
  PRIMARY KEY (`token`)
) ENGINE=MyISAM DEFAULT CHARSET=latin1;

--
-- Dumping data for table `session`
--

INSERT INTO `session` (`token`, `hospital_id`, `user_id`, `user_type`, `username`) VALUES
('ca661507-6a74-48bf-9148-4cf36d631c3f', 1, 1, 0, 'admin'),
('352746c8-a547-4094-a7cb-d848eb8d939e', 1, 1, 0, 'admin'),
('10c85af9-890d-4c25-abae-4b5e95c8e1da', NULL, 1, 0, 'admin'),
('c0aa93ae-12a9-41f6-9027-d84ca0821d60', 2, 2, 1, 'birhospital'),
('af0f9678-3e20-4605-abf2-63ccbd3ab407', NULL, 1, 0, 'admin'),
('fd03cc44-6813-4a3b-9eed-78ab2f275ba4', 2, 2, 1, 'birhospital'),
('6f419aee-0b60-4c90-bd78-31041d1e47be', NULL, 1, 0, 'admin'),
('1182a259-a5fd-479b-859b-dfbc20b844a7', 2, 2, 1, 'birhospital'),
('99924599-df6c-417e-a125-0e5a3527fbfb', NULL, 1, 0, 'admin'),
('e69f0d59-ac7c-4971-8baa-eac82c798b35', 2, 2, 1, 'birhospital'),
('2116fe03-5dda-47b1-a20f-b30db76e88ea', 4, 4, 1, 'bluecross'),
('7f1ea670-1c69-4d0a-892b-462b4263cd77', 4, 4, 1, 'bluecross'),
('ee711aef-cf95-44a8-b7c7-d1050f852793', 4, 4, 1, 'bluecross'),
('b715b717-692a-4e41-bae5-d4cd1b3024bc', NULL, 1, 0, 'admin'),
('e08f3246-506b-468c-8d5c-11c6a2e0a5c6', 2, 2, 1, 'birhospital'),
('680b47f0-a1f3-431f-9156-cbee91415c47', 2, 2, 1, 'birhospital'),
('ac1edf13-e2ae-46b4-bca9-b6103073d1bd', 2, 2, 1, 'birhospital'),
('ef66de96-208e-4071-8971-56a2d8a87272', 2, 2, 1, 'birhospital'),
('9e8a46be-b2b5-4109-8ce5-12b6f76c100e', 2, 2, 1, 'birhospital'),
('3bf8b578-18f0-4a62-96f0-26d64b80a0d9', 4, 4, 1, 'bluecross'),
('d2ff7dc9-9c28-4357-ae91-bf88aa2c555f', 2, 2, 1, 'birhospital'),
('812576ce-567e-4194-af21-121ba71a6da8', 2, 2, 1, 'birhospital'),
('52240ba0-41c5-40a6-a9ea-1077671638b4', NULL, 1, 0, 'admin'),
('65323648-25dd-483e-8a28-2a972735ba97', 2, 2, 1, 'birhospital'),
('1ad55dd0-1fe3-4978-9888-973ee62feafb', 4, 4, 1, 'bluecross'),
('ca9d8b45-a315-41d2-a5c3-3805998caa43', NULL, 1, 0, 'admin'),
('ec11c685-3883-49a5-abf4-01756738a1ff', 4, 4, 1, 'bluecross'),
('f226ffcd-2161-4ced-821d-1215cc63d7fb', 4, 4, 1, 'bluecross'),
('583bf449-6319-4b06-8dee-c96a6b6cb8da', 4, 4, 1, 'bluecross'),
('8bc118c5-7e1e-4a0e-8107-775fecd678ce', 4, 4, 1, 'bluecross'),
('f5774da3-6acd-43a8-9ad8-8dbf070c01f9', 4, 4, 1, 'bluecross'),
('5f13232c-2540-47e3-b97f-2f9ca2d7b42e', NULL, 1, 0, 'admin'),
('7329bc4c-343b-4dea-b2bd-38992ef62817', NULL, 1, 0, 'admin'),
('5bd4a192-765e-4e9f-b6f6-b573280e5d65', NULL, 1, 0, 'admin'),
('64bdb86f-7f37-4e06-a076-e72c452f7834', NULL, 1, 0, 'admin'),
('9cdcf4da-7ffc-4214-8a86-35d05bf60171', 10, 10, 1, 'yogen'),
('ac501d7e-f84a-41e4-8a59-7a9af7418021', 10, 10, 1, 'yogen'),
('6973acdf-21dc-4a60-aa14-abaca71283af', 10, 10, 1, 'yogen'),
('3f571ef7-a7cb-4285-9959-83c16f5ce1cd', NULL, 1, 0, 'admin'),
('a36d72a5-5157-457b-a16e-56c61eab8e00', 10, 10, 1, 'yogen'),
('4e6479a9-0cf4-40bf-ab12-b756428a0e60', 10, 10, 1, 'yogen'),
('da72fa42-94b4-4517-bb4f-dad76c4caeee', 10, 10, 1, 'yogen'),
('61f8eff3-e40e-4a25-954b-26de16171d6f', 10, 10, 1, 'yogen'),
('97c64057-8d21-49c4-adaf-c7824b59bf13', NULL, 1, 0, 'admin'),
('eff55ab5-9b85-44f9-a833-97957d803681', 10, 10, 1, 'yogen'),
('3dce1c73-c9a6-4a70-b654-0b6edc89098a', NULL, 1, 0, 'admin'),
('d5518d65-854c-4488-9363-55fe2a015419', 5, 5, 1, 'bnb'),
('3d973e80-5309-4489-90fc-2056942dcbd8', 5, 5, 1, 'bnb'),
('a7250927-c19e-4a78-975f-5bc6b4f9059f', 5, 5, 1, 'bnb'),
('6b248b85-a45a-46dd-bb4d-29737dbc39dd', 4, 4, 1, 'bluecross'),
('23e947bb-7b34-4c6c-9e8f-3deeb10cfa1e', NULL, 1, 0, 'admin'),
('60212e0e-6fac-4088-9ff4-cecf3e95079b', NULL, 1, 0, 'admin'),
('67ec7b26-536f-4e88-b336-448834fa1e4b', NULL, 1, 0, 'admin'),
('a7bc638d-78e6-4b20-b8f3-396dccfe1979', NULL, 1, 0, 'admin'),
('d41514bd-1f1d-4c0c-ab57-4a38169a3555', NULL, 1, 0, 'admin'),
('61e0c92e-6bb8-4595-854c-1dfdbbe29003', NULL, 1, 0, 'admin'),
('64088350-faca-4c4f-b913-cf55e785c5dc', 5, 5, 1, 'bnb'),
('c1b0a17e-ce29-4bc3-8faa-d8927ae09dec', NULL, 1, 0, 'admin'),
('0b994e6f-1a7f-4555-8fe2-47f2fe38611d', NULL, 1, 0, 'admin'),
('2f937672-dc25-46dd-ad44-88f12eed7e0c', 4, 4, 1, 'bluecross'),
('9efb771b-434a-4a1b-ae4f-bc8f1d0a3679', NULL, 1, 0, 'admin'),
('264efd29-48fc-4819-b6b1-343470fb33c4', 5, 5, 1, 'bnb'),
('7cb999b9-b972-4534-a001-83a4f0084dff', NULL, 1, 0, 'admin'),
('7efa5f19-be35-46ac-87df-87517588ebc8', 11, 11, 1, 'samudayak'),
('66ccff1a-dc39-4e2d-afb1-c432eadfeea0', 11, 11, 1, 'samudayak'),
('53a82acc-5771-42a0-bf76-3575f384b5a7', 11, 11, 1, 'samudayak'),
('d575b919-990a-488c-8b92-7fafe46b0aeb', 4, 4, 1, 'bluecross'),
('00276662-88b3-47f7-9915-499d845c1947', NULL, 1, 0, 'admin'),
('80b77d03-7db8-4e03-ba6f-a2d990bb52b0', 4, 4, 1, 'bluecross'),
('4b83d5f6-9439-4972-b653-8e2fd6ee49af', 4, 4, 1, 'bluecross'),
('c3455f8d-0661-4a48-a39b-e654d7a45377', 4, 4, 1, 'bluecross'),
('3bc16b1c-e312-4829-85ae-45c5955723de', 4, 4, 1, 'bluecross'),
('3092f99f-8a4a-4f48-bb60-aa881d8acfcd', 4, 4, 1, 'bluecross'),
('70d5b95b-22a5-42cc-9ebb-0aa47f177d5f', 4, 4, 1, 'bluecross'),
('aa600f6c-ae58-4fdb-aadf-7ac722bc96f1', 4, 4, 1, 'bluecross'),
('fc031eab-cc53-4935-96f1-c4b57c261bbf', 4, 4, 1, 'bluecross'),
('5c507f9b-c7c5-4d5d-8c78-b9828f82a637', 4, 4, 1, 'bluecross'),
('400a31e4-8437-4fc8-84c7-031dfcaebea8', 4, 4, 1, 'bluecross'),
('e9c631a5-5606-446e-bc44-923b9c677192', 4, 4, 1, 'bluecross'),
('ad3999e8-eace-483f-b979-6581ba441121', 4, 4, 1, 'bluecross'),
('fff3c1f4-0e6f-471c-b244-332642529b35', 4, 4, 1, 'bluecross'),
('12a6e15a-5874-4719-9387-a93f2cc248c0', 4, 4, 1, 'bluecross'),
('00350d17-d885-4fac-8ae7-56fd68ac8afa', 4, 4, 1, 'bluecross'),
('4881cde7-372f-47f2-b2a5-410ded728ff2', 4, 4, 1, 'bluecross'),
('633aebd0-5b35-4b00-8319-8fd2eca0c118', 4, 4, 1, 'bluecross'),
('2519a2e3-0e9d-46a1-accd-f86e1e51e904', 4, 4, 1, 'bluecross'),
('99dac9fc-88c5-4e71-8498-f4ec49207a01', 4, 4, 1, 'bluecross'),
('e66d79c2-09bb-467d-aea0-ce88df933651', 4, 4, 1, 'bluecross'),
('ba781393-03b4-4c30-b23c-25d90d65da90', 4, 4, 1, 'bluecross'),
('da165959-a5f1-405e-962a-5175c5088236', 4, 4, 1, 'bluecross'),
('9e61655b-b3f3-4c0d-9718-7d8c475aa296', 4, 4, 1, 'bluecross'),
('8492f91c-5edb-467e-a20c-a92a873a3246', 4, 4, 1, 'bluecross'),
('734f7c31-235b-4465-ba32-fc5a2bddbfdc', 4, 4, 1, 'bluecross'),
('ab5f59fb-f8fc-43ec-a9ce-39acf420d70f', 4, 4, 1, 'bluecross'),
('75c2863d-fcd2-4f42-a440-86c4479d3eb1', 4, 4, 1, 'bluecross'),
('c72b995c-5376-43b5-a621-064de4284410', 4, 4, 1, 'bluecross'),
('32b79eca-5953-41b6-b3eb-04446ade2041', 4, 4, 1, 'bluecross'),
('407078ec-2096-4a6c-af78-bd2dcd538cd9', 4, 4, 1, 'bluecross'),
('70e9dde0-fa06-49e4-822e-a42c0ffa28e6', 4, 4, 1, 'bluecross'),
('04cca6d1-dce8-44ac-868d-3074225264a9', 4, 4, 1, 'bluecross'),
('cfa7591f-e943-46bb-a2f7-f4b06c69a42e', 4, 4, 1, 'bluecross'),
('e0937031-83f7-4f40-a84c-451dd109a974', 4, 4, 1, 'bluecross'),
('47812984-4bcb-482e-9cdf-99aa969124f2', 4, 4, 1, 'bluecross'),
('b1879b30-2333-4136-ba94-f12e4275c839', 4, 4, 1, 'bluecross'),
('fa133f79-1aa2-4b5c-981c-3cdb8428743f', 4, 4, 1, 'bluecross'),
('5538349e-8680-49fa-a906-8b580799742b', 4, 4, 1, 'bluecross'),
('57507633-e1a9-40bc-9c8e-f78236bc0131', 4, 4, 1, 'bluecross'),
('7f05adf1-6e4e-446c-a6b2-b560ec84d4d3', 4, 4, 1, 'bluecross'),
('ccfae9c8-2236-4792-9d09-ceaff1aeaabc', 4, 4, 1, 'bluecross'),
('bee06ecb-2b2a-4d39-8d96-275ed5aff9ff', 4, 4, 1, 'bluecross'),
('0485bd59-767e-4c31-b40f-3159b6436ad4', 4, 4, 1, 'bluecross'),
('1ae59f09-b5d8-4484-bc9e-b84414103e02', 4, 4, 1, 'bluecross'),
('e1508733-7e28-4a95-9025-33f12ecfef64', 4, 4, 1, 'bluecross'),
('161f15f7-8897-4cf3-9400-ffd0c5fa4987', 4, 4, 1, 'bluecross'),
('5b6cf3b2-f729-4753-aac6-1dd5cc94c6c7', 4, 4, 1, 'bluecross'),
('3388d165-c22a-4b27-8885-d1fe448adad7', 4, 4, 1, 'bluecross'),
('694dc5f1-d589-4708-86e5-48c0dc7e6766', 4, 4, 1, 'bluecross'),
('9e643b10-2451-4eb8-bb64-5bdb9ddf58ac', 4, 4, 1, 'bluecross'),
('10d4ed98-5b94-44f9-9095-665701726fdf', 4, 4, 1, 'bluecross'),
('1a197242-d4d6-4ac7-8733-32fff82c7950', 4, 4, 1, 'bluecross'),
('2480892a-268c-4193-b458-c0062675b812', 4, 4, 1, 'bluecross'),
('f03dcf11-da16-469a-9be0-b400ac17e153', 4, 4, 1, 'bluecross'),
('0da53d4b-c7a5-43ae-89b9-120add8d6764', 4, 4, 1, 'bluecross'),
('b80c19a1-526d-4fbd-89c0-895207df6221', 4, 4, 1, 'bluecross'),
('1da51746-fe68-4488-ab86-ba79a42be6fe', 4, 4, 1, 'bluecross'),
('c217b069-e3da-4f8c-8c72-c3f32b84c74b', 4, 4, 1, 'bluecross'),
('8eb07d1e-022f-470b-9920-1e1e53cedaea', 4, 4, 1, 'bluecross'),
('8751497d-7cbc-405a-9818-b43741f61d41', 4, 4, 1, 'bluecross'),
('6fa323bf-a1f5-4b1a-943d-aafc28252fcc', 4, 4, 1, 'bluecross'),
('0432ad5b-338b-4600-9e94-b8673453aec9', 4, 4, 1, 'bluecross'),
('e9446df6-8cd3-47b6-8aca-d089c2c7d4c8', 4, 4, 1, 'bluecross'),
('d0e1297a-3352-468e-a3e0-e222c5a19ba6', 4, 4, 1, 'bluecross'),
('5d15e39d-45ab-4ab3-8b93-ffef2b2bbab9', 4, 4, 1, 'bluecross'),
('fb1f5078-60c1-40d4-9921-903a4fb1d3a5', 4, 4, 1, 'bluecross'),
('0aa0cfe3-e5dd-4066-9d09-d4f98ff4c73b', 4, 4, 1, 'bluecross'),
('66e6eae1-f49f-4b6b-aad6-02b7a8574733', 4, 4, 1, 'bluecross'),
('fe02a4ea-922f-4b48-8cb4-a514588027d1', 4, 4, 1, 'bluecross'),
('27462618-b928-4e13-8af4-77f6033d8ab3', 4, 4, 1, 'bluecross'),
('fe651b60-d833-4530-8fb6-5707d4a22279', 4, 4, 1, 'bluecross'),
('f57c773b-2d08-4e30-9fec-c2b5f2a54782', 4, 4, 1, 'bluecross'),
('b9eb380e-8622-4963-848b-024613308077', 4, 4, 1, 'bluecross'),
('db31fb12-3ef2-4f3b-9029-a3aaed8b5c98', 4, 4, 1, 'bluecross'),
('1a1024fe-40c3-4e47-9c17-e459d79f09d2', 4, 4, 1, 'bluecross'),
('29375acc-a554-4eca-986d-c2210fb7e1c8', 4, 4, 1, 'bluecross'),
('5f96bd28-491d-4a58-8b35-bad172065aec', 4, 4, 1, 'bluecross'),
('a7577b4f-a007-4dd8-b8d5-501318673ba6', 4, 4, 1, 'bluecross'),
('085b95fc-3cf7-4d1e-87a3-5ce7fe2a6f64', 4, 4, 1, 'bluecross'),
('82b3f52b-bb9a-418c-a755-8568aeeb36dc', 4, 4, 1, 'bluecross'),
('f27ee933-e482-40d6-b8aa-2035c3c7e617', 4, 4, 1, 'bluecross'),
('9ad36c8e-4c6a-4749-9032-877afa4baf7f', 4, 4, 1, 'bluecross'),
('30104bb8-a756-4ec9-b2c8-3c56504c4471', 4, 4, 1, 'bluecross'),
('27a97e5d-8b61-4b82-96b3-2a5f009f7ea6', 4, 4, 1, 'bluecross'),
('a672ae39-f3a4-45f8-baa7-04538aae27ff', 4, 4, 1, 'bluecross'),
('799572ab-30ad-4c96-973f-2ef270d7be57', 4, 4, 1, 'bluecross'),
('c91f33d8-c243-49ee-82ae-7242b613989d', 4, 4, 1, 'bluecross'),
('79947ae2-48d5-427d-8c3a-5cb7e519b717', 4, 4, 1, 'bluecross'),
('96b28414-703c-47c5-a4d8-7f116aa49b78', 4, 4, 1, 'bluecross'),
('227da057-5386-4287-8e07-280eceb1d04d', 4, 4, 1, 'bluecross'),
('5cf37f28-acf5-402a-b0e5-bbd83cdf2bb5', 4, 4, 1, 'bluecross'),
('c94a468e-c2f3-4eb1-a2fc-c4fca8d135c0', 4, 4, 1, 'bluecross'),
('84cc7590-0e33-4e48-a90d-5d4d976636d0', 4, 4, 1, 'bluecross'),
('4a32308e-4d25-44f0-beeb-ae75fcbfa01d', 4, 4, 1, 'bluecross'),
('612ab25c-39f0-4438-acda-8000df922d30', 4, 4, 1, 'bluecross'),
('9f06905d-429d-43e0-86bc-27dd82d1efe4', 4, 4, 1, 'bluecross'),
('26582685-745c-4c1b-a921-7a2f94f59874', 4, 4, 1, 'bluecross'),
('9d753c2a-4b3a-492f-8171-ddf46ac6bf2d', 4, 4, 1, 'bluecross'),
('352be766-3d3a-4347-91d8-0f38fcc624d0', 4, 4, 1, 'bluecross'),
('91ba9e1f-420d-4ee2-9c0a-69bb4f1e7718', 4, 4, 1, 'bluecross'),
('251fa25a-e53e-490f-8118-17a53db91ec5', 4, 4, 1, 'bluecross'),
('1edb4392-ffd6-4f96-86d5-6ed675d63202', 4, 4, 1, 'bluecross');

-- --------------------------------------------------------

--
-- Table structure for table `speciality`
--

CREATE TABLE IF NOT EXISTS `speciality` (
  `id` bigint(20) NOT NULL AUTO_INCREMENT,
  `name` varchar(255) DEFAULT NULL,
  PRIMARY KEY (`id`)
) ENGINE=MyISAM  DEFAULT CHARSET=latin1 AUTO_INCREMENT=18 ;

--
-- Dumping data for table `speciality`
--

INSERT INTO `speciality` (`id`, `name`) VALUES
(1, 'General Practitioner  '),
(2, 'Colorectal Surgery'),
(3, 'Paediatrics'),
(4, 'Obstetrics & Gynaecology'),
(5, 'Orthopaedic Surgery'),
(6, 'Sports Medicine'),
(7, 'Eye Surgery'),
(11, 'General Surgery'),
(12, 'ENT, Head and Neck Surgery'),
(15, 'Cardiology'),
(16, 'Respiratory Medicine'),
(17, 'Internal Medicine');

-- --------------------------------------------------------

--
-- Table structure for table `status`
--

CREATE TABLE IF NOT EXISTS `status` (
  `id` bigint(20) NOT NULL AUTO_INCREMENT,
  `status` varchar(255) NOT NULL,
  PRIMARY KEY (`id`)
) ENGINE=MyISAM  DEFAULT CHARSET=latin1 AUTO_INCREMENT=3 ;

--
-- Dumping data for table `status`
--

INSERT INTO `status` (`id`, `status`) VALUES
(1, 'INACTIVE'),
(2, 'ACTIVE');

-- --------------------------------------------------------

--
-- Table structure for table `user`
--

CREATE TABLE IF NOT EXISTS `user` (
  `id` bigint(20) NOT NULL AUTO_INCREMENT,
  `password` varchar(255) NOT NULL,
  `user_type` int(11) NOT NULL,
  `username` varchar(255) NOT NULL,
  `status_id` bigint(20) NOT NULL,
  PRIMARY KEY (`id`),
  KEY `FKr62indkt0r2anb0m8hy5ldfpd` (`status_id`)
) ENGINE=MyISAM  DEFAULT CHARSET=latin1 AUTO_INCREMENT=12 ;

--
-- Dumping data for table `user`
--

INSERT INTO `user` (`id`, `password`, `user_type`, `username`, `status_id`) VALUES
(1, '^,z', 0, 'admin', 2),
(2, '.(cTk0*+!<y	Us}', 1, 'birhospital', 2),
(3, 'bO(l\nk?&', 1, 'manmohan', 2),
(4, 'F{e', 1, 'bluecross', 2),
(5, 'n3', 1, 'bnb', 2),
(6, 'HN#&<e&R', 1, 'chesthospital', 2),
(7, '!T,\ZK)K?^', 1, 'chetrapati', 2),
(8, '&?nJ', 1, 'Norvic', 2),
(9, 'lhf@?h', 1, 'tilganga', 2),
(10, '6JF{', 1, 'yogen', 2),
(11, 'id^.@q''', 1, 'samudayak', 2);

-- --------------------------------------------------------

--
-- Table structure for table `zone`
--

CREATE TABLE IF NOT EXISTS `zone` (
  `id` bigint(20) NOT NULL AUTO_INCREMENT,
  `name` varchar(255) NOT NULL,
  `country_id` bigint(20) DEFAULT NULL,
  PRIMARY KEY (`id`),
  KEY `FKjd0ph7dy8trl6m0lyid2eicsb` (`country_id`)
) ENGINE=MyISAM  DEFAULT CHARSET=latin1 AUTO_INCREMENT=15 ;

--
-- Dumping data for table `zone`
--

INSERT INTO `zone` (`id`, `name`, `country_id`) VALUES
(1, 'Bagmati', 1),
(2, 'Janakpur', 1),
(3, 'Narayani', 1),
(4, 'Koshi', 1),
(5, 'Mechi', 1),
(6, 'Sagarmatha', 1),
(7, 'Mahakali', 1),
(8, 'Seti', 1),
(9, 'Bheri', 1),
(10, 'Karnali', 1),
(11, 'Rapti', 1),
(12, 'Dhaualagiri', 1),
(13, 'Gandaki', 1),
(14, 'Lumbini', 1);

/*!40101 SET CHARACTER_SET_CLIENT=@OLD_CHARACTER_SET_CLIENT */;
/*!40101 SET CHARACTER_SET_RESULTS=@OLD_CHARACTER_SET_RESULTS */;
/*!40101 SET COLLATION_CONNECTION=@OLD_COLLATION_CONNECTION */;
